Customer ID,Customer Name,Segment,City,State,Country
RH-19495,Rick Hansen,Consumer,New York City,New York,United States
JR-16210,Justin Ritter,Corporate,Wollongong,New South Wales,Australia
CR-12730,Craig Reiter,Consumer,Brisbane,Queensland,Australia
KM-16375,Katherine Murray,Home Office,Berlin,Berlin,Germany
RH-9495,Rick Hansen,Consumer,Dakar,Dakar,Senegal
JM-15655,Jim Mitchum,Corporate,Sydney,New South Wales,Australia
TS-21340,Toby Swindell,Consumer,Porirua,Wellington,New Zealand
MB-18085,Mick Brown,Consumer,Hamilton,Waikato,New Zealand
JW-15220,Jane Waco,Corporate,Sacramento,California,United States
JH-15985,Joseph Holt,Consumer,Concord,North Carolina,United States
GM-14695,Greg Maxwell,Corporate,Alexandria,Virginia,United States
AJ-10780,Anthony Jacobs,Corporate,Kabul,Kabul,Afghanistan
MM-7260,Magdelene Morse,Consumer,Jizan,Jizan,Saudi Arabia
VF-21715,Vicky Freymann,Home Office,Toledo,Parana,Brazil
PF-19120,Peter Fuller,Consumer,Mudanjiang,Heilongjiang,China
BP-11185,Ben Peterman,Corporate,Paris,Ile-de-France,France
TB-21175,Thomas Boland,Corporate,Henderson,Kentucky,United States
PJ-18835,Patrick Jones,Corporate,Prato,Tuscany,Italy
JS-15685,Jim Sink,Corporate,Townsville,Queensland,Australia
RH-9555,Ritsa Hightower,Consumer,Uvinza,Kigoma,Tanzania
AB-600,Ann Blume,Corporate,Bytom,Silesia,Poland
SA-20830,Sue Ann Reed,Consumer,Chicago,Illinois,United States
JK-15325,Jason Klamczynski,Corporate,Suzhou,Anhui,China
LB-16795,Laurel Beltran,Home Office,Edinburgh,Scotland,United Kingdom
NP-18325,Naresj Patel,Consumer,Juárez,Chihuahua,Mexico
VD-21670,Valerie Dominguez,Consumer,Soyapango,San Salvador,El Salvador
PB-19210,Phillip Breyer,Corporate,Taipei,Taipei City,Taiwan
EB-14110,Eugene Barchas,Consumer,Leipzig,Saxony,Germany
KF-16285,Karen Ferguson,Home Office,Los Angeles,California,United States
BP-11230,Benjamin Patterson,Consumer,Surat,Gujarat,India
RR-19525,Rick Reed,Corporate,Santo Domingo,Santo Domingo,Dominican Republic
BS-11365,Bill Shonely,Corporate,Saint-Brieuc,Brittany,France
JE-15745,Joel Eaton,Consumer,Amarillo,Texas,United States
DP-13105,Dave Poirier,Corporate,Gold Coast,Queensland,Australia
NP-18700,Nora Preis,Consumer,Fresno,California,United States
AH-30,Aaron Hawkins,Corporate,Kamina,Katanga,Democratic Republic of the Congo
DM-13015,Darrin Martin,Consumer,New York City,New York,United States
GT-14635,Grant Thornton,Corporate,Burlington,North Carolina,United States
PO-18865,Patrick O'Donnell,Consumer,Stockton-on-Tees,England,United Kingdom
DL-12865,Dan Lawera,Consumer,Brisbane,Queensland,Australia
JB-16000,Joy Bell-,Consumer,Mataram,Nusa Tenggara Barat,Indonesia
BF-11005,Barry Franz,Home Office,Gorakhpur,Haryana,India
VG-21805,Vivek Grady,Corporate,Thiruvananthapuram,Kerala,India
GT-14710,Greg Tran,Consumer,Huddersfield,England,United Kingdom
ZC-21910,Zuschuss Carroll,Consumer,Berlin,Berlin,Germany
SC-20095,Sanjit Chand,Consumer,Minneapolis,Minnesota,United States
EB-13840,Ellis Ballard,Corporate,Montreuil,Ile-de-France,France
AP-10915,Arthur Prichep,Consumer,Shouguang,Shandong,China
SW-20275,Scott Williamson,Consumer,Jamshedpur,Jharkhand,India
JH-15820,John Huston,Consumer,Paysandú,Paysandú,Uruguay
LC-16885,Lena Creighton,Consumer,New York City,New York,United States
TG-11640,Trudy Glocke,Consumer,Behshahr,Mazandaran,Iran
HR-14830,Harold Ryan,Corporate,Huntington Beach,California,United States
DG-3300,Deirdre Greer,Corporate,Maputo,Cidade De Maputo,Mozambique
SG-20470,Sheri Gordon,Consumer,Bhopal,Madhya Pradesh,India
FH-14365,Fred Hopkins,Corporate,Seattle,Washington,United States
GP-14740,Guy Phonely,Corporate,Delhi,Delhi,India
MW-18220,Mitch Webber,Consumer,Geraldton,Western Australia,Australia
PO-18850,Patrick O'Brill,Consumer,Tallahassee,Florida,United States
CS-12460,Chuck Sachs,Consumer,Dhaka,Dhaka,Bangladesh
KD-16495,Keith Dawkins,Corporate,New York City,New York,United States
MS-17980,Michael Stewart,Corporate,Munster,Lower Saxony,Germany
KC-16675,Kimberly Carter,Corporate,Celle,Lower Saxony,Germany
DB-13405,Denny Blanton,Consumer,Wuxi,Jiangsu,China
JD-15895,Jonathan Doherty,Corporate,Richmond,Virginia,United States
DK-13090,Dave Kipp,Consumer,Seville,Andalusía,Spain
CS-11845,Cari Sayre,Corporate,Raipur,Uttarakhand,India
EM-14200,Evan Minnotte,Home Office,Gómez Palacio,Durango,Mexico
DW-3480,Dianna Wilson,Home Office,Kharkiv,Kharkiv,Ukraine
AS-10225,Alan Schoenberger,Corporate,Jinan,Shandong,China
ST-20530,Shui Tom,Consumer,Chinandega,Chinandega,Nicaragua
BW-1065,Barry Weirich,Consumer,Kananga,Kasai-Occidental,Democratic Republic of the Congo
LA-16780,Laura Armstrong,Corporate,Palembang,Sumatera Selatan,Indonesia
AB-10150,Aimee Bixby,Consumer,London,England,United Kingdom
CM-12385,Christopher Martinez,Consumer,Atlanta,Georgia,United States
BE-11410,Bobby Elias,Consumer,Duisburg,North Rhine-Westphalia,Germany
SZ-20035,Sam Zeldin,Home Office,Nanchong,Sichuan,China
RM-19375,Raymond Messe,Consumer,Naihati,West Bengal,India
HG-14845,Harry Greene,Consumer,Lille,Nord-Pas-de-Calais,France
DP-3105,Dave Poirier,Corporate,Meknes,Meknčs-Tafilalet,Morocco
AR-10540,Andy Reiter,Consumer,Jackson,Michigan,United States
TP-21415,Tom Prescott,Consumer,Philadelphia,Pennsylvania,United States
AM-10705,Anne McFarland,Consumer,Bandung,Jawa Barat,Indonesia
AB-255,Alejandro Ballentine,Home Office,Casablanca,Grand Casablanca,Morocco
RP-19270,Rachel Payne,Corporate,Sydney,New South Wales,Australia
BK-11260,Berenike Kampe,Consumer,Tongi,Dhaka,Bangladesh
JM-15250,Janet Martin,Consumer,Suzhou,Anhui,China
LW-16990,Lindsay Williams,Corporate,Henderson,Nevada,United States
NZ-18565,Nick Zandusky,Home Office,Paris,Ile-de-France,France
SV-10815,Stuart Van,Corporate,Montréal,Quebec,Canada
SC-20695,Steve Chapman,Corporate,Manila,National Capital,Philippines
NC-18625,Noah Childs,Corporate,Newcastle,New South Wales,Australia
NF-18385,Natalie Fritzler,Consumer,Graz,Styria,Austria
PM-18940,Paul MacIntyre,Consumer,Boulogne-Billancourt,Ile-de-France,France
MZ-17335,Maria Zettner,Home Office,Malakoff,Ile-de-France,France
HM-4980,Henry MacAllister,Consumer,Kinshasa,Kinshasa,Democratic Republic of the Congo
RW-19540,Rick Wilson,Corporate,Perth,Western Australia,Australia
LH-17155,Logan Haushalter,Consumer,Le Bouscat,Aquitaine,France
KM-16660,Khloe Miller,Consumer,Augsburg,Bavaria,Germany
AB-10060,Adam Bellavance,Home Office,Seattle,Washington,United States
DB-13060,Dave Brooks,Consumer,Gold Coast,Queensland,Australia
VM-21685,Valerie Mitchum,Home Office,Bergen op Zoom,North Brabant,Netherlands
DM-13525,Don Miller,Corporate,Hanover,Lower Saxony,Germany
NM-18520,Neoma Murray,Consumer,Vigo,Galicia,Spain
RO-19780,Rose O'Brian,Consumer,Gaoyou,Jiangsu,China
SB-20185,Sarah Brown,Consumer,Los Angeles,California,United States
EM-14065,Erin Mull,Consumer,Bremen,Bremen,Germany
RS-19765,Roland Schwarz,Corporate,Los Angeles,California,United States
ON-18715,Odella Nelson,Corporate,Muret,Midi-Pyrénées,France
VS-21820,Vivek Sundaresam,Consumer,Zigong,Sichuan,China
CM-12115,Chad McGuire,Consumer,Adelaide,South Australia,Australia
TB-21400,Tom Boeckenhauer,Consumer,New York City,New York,United States
AB-10105,Adrian Barton,Consumer,Detroit,Michigan,United States
DW-13540,Don Weiss,Consumer,Kuantan,Pahang,Malaysia
PS-19045,Penelope Sewall,Home Office,Harrisonburg,Virginia,United States
CC-12370,Christopher Conant,Consumer,Philadelphia,Pennsylvania,United States
TC-21295,Toby Carlisle,Consumer,Everett,Massachusetts,United States
GM-14440,Gary McGarr,Consumer,Quito,Pichincha,Ecuador
SV-20815,Stuart Van,Corporate,Vadodara,Gujarat,India
MM-17920,Michael Moore,Consumer,Sanya,Hainan,China
JK-16120,Julie Kriz,Home Office,Palembang,Sumatera Selatan,Indonesia
DJ-13510,Don Jones,Corporate,San Diego,California,United States
AT-10435,Alyssa Tate,Home Office,Guaymas,Sonora,Mexico
AB-10015,Aaron Bergman,Consumer,Wuhan,Hubei,China
RP-19390,Resi Pölking,Consumer,Madison,Wisconsin,United States
MJ-17740,Max Jones,Consumer,San Diego,California,United States
PV-18985,Paul Van Hugh,Home Office,Salto,Săo Paulo,Brazil
SB-20290,Sean Braxton,Corporate,Treviso,Veneto,Italy
SM-10005,Sally Matthias,Consumer,Hargeysa,Woqooyi Galbeed,Somalia
KH-16330,Katharine Harms,Corporate,Yogyakarta,Yogyakarta,Indonesia
MP-18175,Mike Pelletier,Home Office,Perth,Western Australia,Australia
LH-17020,Lisa Hazard,Consumer,Anshan,Liaoning,China
ND-18370,Natalie DeCherney,Consumer,New York City,New York,United States
CR-12625,Corey Roper,Home Office,Brisbane,Queensland,Australia
GM-14680,Greg Matthias,Consumer,Amsterdam,North Holland,Netherlands
RA-19945,Ryan Akin,Consumer,Le Petit-Quevilly,Upper Normandy,France
BW-11110,Bart Watters,Corporate,Detroit,Michigan,United States
RF-19735,Roland Fjeld,Consumer,Perth,Western Australia,Australia
AG-10675,Anna Gayman,Consumer,Houston,Texas,United States
DM-12955,Dario Medina,Corporate,Mixco,Guatemala,Guatemala
KD-16270,Karen Daniels,Consumer,Yonkers,New York,United States
BE-11335,Bill Eplett,Home Office,Morelia,Michoacán,Mexico
SO-20335,Sean O'Donnell,Consumer,Changchun,Jilin,China
DK-12835,Damala Kotsonis,Corporate,Madrid,Madrid,Spain
LC-7050,Liz Carlisle,Consumer,Jeddah,Makkah,Saudi Arabia
CG-12520,Claire Gute,Consumer,Adelaide,South Australia,Australia
TB-21280,Toby Braunhardt,Consumer,Norman,Oklahoma,United States
HG-15025,Hunter Glantz,Consumer,Medan,Sumatera Utara,Indonesia
AD-10180,Alan Dominguez,Home Office,Jakarta,Jakarta,Indonesia
BP-11155,Becky Pak,Consumer,London,England,United Kingdom
AA-10480,Andrew Allen,Consumer,Bangkok,Bangkok,Thailand
RL-19615,Rob Lucas,Consumer,Newcastle,New South Wales,Australia
CS-12505,Cindy Stewart,Consumer,Lancaster,Ohio,United States
SW-20245,Scot Wooten,Consumer,Surakarta,Jawa Tengah,Indonesia
TA-21385,Tom Ashbrook,Home Office,New York City,New York,United States
YC-21895,Yoseph Carroll,Corporate,London,England,United Kingdom
JM-15580,Jill Matthias,Consumer,Tulancingo,Hidalgo,Mexico
MZ-7335,Maria Zettner,Home Office,Brest,Brest,Belarus
JF-15295,Jason Fortune-,Consumer,Valencia,Valenciana,Spain
JL-15835,John Lee,Consumer,Charlotte,North Carolina,United States
DJ-3510,Don Jones,Corporate,Zhytomyr,Zhytomyr,Ukraine
MF-18250,Monica Federle,Corporate,Argenteuil,Ile-de-France,France
JE-15610,Jim Epp,Corporate,Atlanta,Georgia,United States
CP-12340,Christine Phan,Corporate,Aurangabad,Bihar,India
EH-14125,Eugene Hildebrand,Home Office,Plaisir,Ile-de-France,France
NC-18340,Nat Carroll,Consumer,Melbourne,Victoria,Australia
JS-16030,Joy Smith,Consumer,Medan,Sumatera Utara,Indonesia
AM-10360,Alice McCarthy,Corporate,Harrogate,England,United Kingdom
JF-15190,Jamie Frazer,Consumer,Phnom Penh,Phnom Penh,Cambodia
JG-15160,James Galang,Consumer,Stockton-on-Tees,England,United Kingdom
DP-13390,Dennis Pardue,Home Office,North Las Vegas,Nevada,United States
AG-10330,Alex Grayson,Consumer,Jambi,Jambi,Indonesia
GK-14620,Grace Kelly,Corporate,Los Angeles,California,United States
NF-18475,Neil Französisch,Home Office,Moers,North Rhine-Westphalia,Germany
DR-12940,Daniel Raglin,Home Office,Townsville,Queensland,Australia
NB-18655,Nona Balk,Corporate,Hamburg,Hamburg,Germany
NM-18445,Nathan Mautz,Home Office,Shenzhen,Guangdong,China
NP-18670,Nora Paige,Consumer,Lakewood,New Jersey,United States
SC-20380,Shahid Collister,Consumer,Marikina,National Capital,Philippines
PA-9060,Pete Armstrong,Home Office,Johannesburg,Gauteng,South Africa
RB-19570,Rob Beeghly,Consumer,Barakaldo,Basque Country,Spain
SR-20740,Steven Roelle,Home Office,New York City,New York,United States
RH-19510,Rick Huthwaite,Home Office,Providence,Rhode Island,United States
LH-16750,Larry Hughes,Consumer,Santo Domingo,Santo Domingo,Dominican Republic
KB-16585,Ken Black,Corporate,Qingdao,Shandong,China
EM-13810,Eleni McCrary,Corporate,San Francisco,California,United States
MZ-7515,Mary Zewe,Corporate,Shiraz,Fars,Iran
DM-13345,Denise Monton,Corporate,Bokaro,Jharkhand,India
CA-11965,Carol Adams,Corporate,Fuji,Shizuoka,Japan
SC-20305,Sean Christensen,Consumer,Benidorm,Valenciana,Spain
MH-18115,Mick Hernandez,Home Office,Kozhikode,Kerala,India
KS-16300,Karen Seio,Corporate,Adelaide,South Australia,Australia
BG-11740,Bruce Geld,Consumer,Kuala Lumpur,Kuala Lumpur,Malaysia
CR-2625,Corey Roper,Home Office,Astrakhan',Astrakhan',Russia
CB-12415,Christy Brittain,Consumer,Columbus,Ohio,United States
AP-10720,Anne Pryor,Home Office,Jabalpur,Madhya Pradesh,India
CR-12820,Cyra Reiten,Home Office,Patna,Bihar,India
BF-11080,Bart Folk,Consumer,Adelaide,South Australia,Australia
JM-15265,Janet Molinari,Corporate,Marikina,National Capital,Philippines
TW-21025,Tamara Willingham,Home Office,La Baule-Escoublac,Pays de la Loire,France
RB-19330,Randy Bradley,Consumer,Dijon,Burgundy,France
JA-15970,Joseph Airdo,Consumer,Philadelphia,Pennsylvania,United States
AB-60,Adam Bellavance,Home Office,Cape Town,Western Cape,South Africa
JR-5670,Jim Radford,Consumer,Cairo,Al Qahirah,Egypt
MD-17350,Maribeth Dona,Consumer,Medellín,Antioquia,Colombia
PK-19075,Pete Kriz,Consumer,New York City,New York,United States
TP-21130,Theone Pippenger,Consumer,Detroit,Michigan,United States
JK-15640,Jim Kriz,Home Office,Seattle,Washington,United States
CD-11920,Carlos Daly,Consumer,New York City,New York,United States
JL-5835,John Lee,Consumer,Baku,Baki,Azerbaijan
EP-13915,Emily Phan,Consumer,Jakarta,Jakarta,Indonesia
MS-17770,Maxwell Schwartz,Consumer,Burnley,England,United Kingdom
CM-12655,Corinna Mitchell,Home Office,Laval,Pays de la Loire,France
JC-6105,Julie Creighton,Corporate,Vilnius,Vilnius,Lithuania
GB-14530,George Bell,Corporate,Brisbane,Queensland,Australia
JH-16180,Justin Hirsh,Consumer,Buenos Aires,Buenos Aires,Argentina
MT-8070,Michelle Tran,Home Office,Girga,Suhaj,Egypt
CV-2805,Cynthia Voltz,Corporate,Maseru,Maseru,Lesotho
NH-18610,Nicole Hansen,Corporate,Wellington,Wellington,New Zealand
HJ-14875,Heather Jas,Home Office,Luoyang,Henan,China
JL-15175,James Lanier,Home Office,Feira de Santana,Bahia,Brazil
MY-18295,Muhammed Yedwab,Corporate,Matagalpa,Matagalpa,Nicaragua
MW-18235,Mitch Willingham,Corporate,Virginia Beach,Virginia,United States
KC-16540,Kelly Collister,Consumer,Managua,Managua,Nicaragua
HA-14920,Helen Andreada,Consumer,Wuhai,Inner Mongolia,China
MT-17815,Meg Tillman,Consumer,Nantes,Pays de la Loire,France
FW-14395,Fred Wasserman,Corporate,Strasbourg,Alsace,France
BH-11710,Brosina Hoffman,Consumer,Berlin,Berlin,Germany
DK-12895,Dana Kaydos,Consumer,Surabaya,Jawa Timur,Indonesia
SC-20845,Sung Chung,Consumer,Vienna,Vienna,Austria
CY-12745,Craig Yedwab,Corporate,Mexico City,Distrito Federal,Mexico
HL-15040,Hunter Lopez,Consumer,Hobart,Tasmania,Australia
CT-11995,Carol Triggs,Consumer,Hirakata,Osaka,Japan
GR-4560,Georgia Rosenberg,Corporate,Maseru,Maseru,Lesotho
TT-21070,Ted Trevino,Consumer,Agra,Uttar Pradesh,India
PO-19195,Phillina Ober,Home Office,Granollers,Catalonia,Spain
ED-13885,Emily Ducich,Home Office,Ho Chi Minh City,Ho Chí Minh City,Vietnam
TM-21490,Tony Molinari,Consumer,Camagüey,Camagüey,Cuba
AW-10840,Anthony Witt,Consumer,Amsterdam,North Holland,Netherlands
AT-10735,Annie Thurman,Consumer,Morristown,New Jersey,United States
SG-10605,Speros Goranitis,Consumer,Piatra-Neamt,Neamt,Romania
BM-11785,Bryan Mills,Consumer,Milpa Alta,Distrito Federal,Mexico
DK-13375,Dennis Kane,Consumer,León,Guanajuato,Mexico
PF-19225,Phillip Flathmann,Consumer,Los Angeles,California,United States
TG-21310,Toby Gnade,Consumer,Los Angeles,California,United States
SF-10200,Sarah Foster,Consumer,Izmir,Izmir,Turkey
JW-5220,Jane Waco,Corporate,Dakar,Dakar,Senegal
CC-12100,Chad Cunningham,Home Office,Coyoacán,Distrito Federal,Mexico
RD-19930,Russell D'Ascenzo,Consumer,Manukau City,Auckland,New Zealand
BP-1230,Benjamin Patterson,Consumer,Yaounde,Centre,Cameroon
CS-12175,Charles Sheldon,Corporate,Bangkok,Bangkok,Thailand
JD-16060,Julia Dunbar,Consumer,Santander,Cantabria,Spain
GH-14665,Greg Hansen,Consumer,Cangzhou,Hebei,China
CM-11935,Carlos Meador,Consumer,Shanghai,Shanghai,China
RB-9465,Rick Bensley,Home Office,Rybinsk,Yaroslavl',Russia
RB-19795,Ross Baird,Home Office,Ibiúna,Săo Paulo,Brazil
DL-13495,Dionis Lloyd,Corporate,Philadelphia,Pennsylvania,United States
TS-21205,Thomas Seio,Corporate,Canberra,Australian Capital Territory,Australia
MV-8190,Mike Vittorini,Consumer,Port Elizabeth,Eastern Cape,South Africa
BD-11560,Brendan Dodson,Home Office,Cambridge,England,United Kingdom
PS-18760,Pamela Stobb,Consumer,Bandung,Jawa Barat,Indonesia
FM-14215,Filia McAdams,Corporate,Mixco,Guatemala,Guatemala
CA-12775,Cynthia Arntzen,Consumer,Kota,Chhattisgarh,India
CD-12790,Cynthia Delaney,Home Office,Munster,Lower Saxony,Germany
NL-18310,Nancy Lomonaco,Home Office,Christchurch,Canterbury,New Zealand
TB-21055,Ted Butterfield,Consumer,Vincennes,Ile-de-France,France
EH-4125,Eugene Hildebrand,Home Office,Gyula,Bekes,Hungary
KB-16600,Ken Brennan,Corporate,Lucknow,Uttar Pradesh,India
KW-16435,Katrina Willman,Consumer,Florence,Kentucky,United States
MG-17695,Maureen Gnade,Consumer,Turin,Piedmont,Italy
HM-14860,Harry Marie,Corporate,Springfield,Missouri,United States
BP-11290,Beth Paige,Consumer,Singapore,Singapore,Singapore
HZ-4950,Henia Zydlo,Consumer,Benguela,Benguela,Angola
TC-20980,Tamara Chand,Corporate,Lafayette,Indiana,United States
EM-13825,Elizabeth Moffitt,Corporate,Himeji,Hyogo,Japan
BS-11800,Bryan Spruell,Home Office,Kendari,Sulawesi Tenggara,Indonesia
DV-13465,Dianna Vittorini,Consumer,Mejicanos,San Salvador,El Salvador
MB-17305,Maria Bertelson,Consumer,Sydney,New South Wales,Australia
PC-19000,Pauline Chand,Home Office,Barcelona,Catalonia,Spain
CA-12310,Christine Abelman,Corporate,Menton,Provence-Alpes-Côte d'Azur,France
KC-16255,Karen Carlisle,Corporate,Huntsville,Alabama,United States
DB-3660,Duane Benoit,Consumer,Buzau,Buzau,Romania
SC-20260,Scott Cohen,Corporate,San Francisco,California,United States
BD-11500,Bradley Drucker,Consumer,Columbus,Georgia,United States
BM-11140,Becky Martin,Consumer,San Antonio,Texas,United States
KB-16315,Karl Braun,Consumer,Kuala Lumpur,Kuala Lumpur,Malaysia
JM-15865,John Murray,Consumer,Jamestown,New York,United States
AF-10885,Art Foster,Consumer,Bayeux,Lower Normandy,France
SJ-20500,Shirley Jackson,Consumer,Lens,Nord-Pas-de-Calais,France
WB-21850,William Brown,Consumer,Los Angeles,California,United States
CC-12610,Corey Catlett,Corporate,Iserlohn,North Rhine-Westphalia,Germany
BE-11455,Brad Eason,Home Office,Sydney,New South Wales,Australia
TG-21640,Trudy Glocke,Consumer,Ghent,East Flanders,Belgium
MS-17365,Maribeth Schnelling,Consumer,Los Angeles,California,United States
NP-18685,Nora Pelletier,Home Office,Indianapolis,Indiana,United States
RM-19675,Robert Marley,Home Office,Los Angeles,California,United States
SN-20560,Skye Norling,Home Office,Lahore,Punjab,Pakistan
CD-12280,Christina DeMoss,Consumer,Sydney,New South Wales,Australia
BG-11035,Barry Gonzalez,Consumer,Espoo,Uusimaa,Finland
CC-12550,Clay Cheatham,Consumer,Whyalla,South Australia,Australia
SV-20785,Stewart Visinsky,Consumer,Medan,Sumatera Utara,Indonesia
HW-14935,Helen Wasserman,Corporate,Ivry-sur-Seine,Ile-de-France,France
AS-10285,Alejandro Savely,Corporate,Kanpur,Uttar Pradesh,India
LD-16855,Lela Donovan,Corporate,Saint-Laurent-du-Var,Provence-Alpes-Côte d'Azur,France
NS-18505,Neola Schneider,Consumer,Cartagena,Bolívar,Colombia
CM-12715,Craig Molinari,Corporate,Cancún,Quintana Roo,Mexico
JD-6060,Julia Dunbar,Consumer,Kumasi,Ashanti,Ghana
MG-17680,Maureen Gastineau,Home Office,Ho Chi Minh City,Ho Chí Minh City,Vietnam
DB-13210,Dean Braden,Consumer,London,England,United Kingdom
CS-11860,Cari Schnelling,Consumer,Vienna,Vienna,Austria
GG-14650,Greg Guthrie,Corporate,Angers,Pays de la Loire,France
BN-11470,Brad Norvell,Corporate,Bangkok,Bangkok,Thailand
BS-1665,Brian Stugart,Consumer,Khorramabad,Lorestan,Iran
AC-10450,Amy Cox,Consumer,Chennai,Tamil Nadu,India
CK-12205,Chloris Kastensmidt,Consumer,Barletta,Apulia,Italy
JD-16150,Justin Deggeller,Corporate,Tamworth,England,United Kingdom
CC-2550,Clay Cheatham,Consumer,Kharkiv,Kharkiv,Ukraine
MS-17830,Melanie Seite,Consumer,London,England,United Kingdom
SM-20950,Suzanne McNair,Corporate,Philadelphia,Pennsylvania,United States
CL-12700,Craig Leslie,Home Office,Kulti,West Bengal,India
CM-12160,Charles McCrossin,Consumer,Managua,Managua,Nicaragua
JC-15775,John Castell,Consumer,Bundaberg,Queensland,Australia
LH-16900,Lena Hernandez,Consumer,Valparaíso de Goiás,Goiás,Brazil
DV-13045,Darrin Van Huff,Corporate,Manado,Sulawesi Utara,Indonesia
BT-11530,Bradley Talbott,Home Office,Muzaffarpur,Bihar,India
BM-1650,Brian Moss,Corporate,Kermanshah,Kermanshah,Iran
MG-18205,Mitch Gastineau,Corporate,Thane,Maharashtra,India
RB-19705,Roger Barcio,Home Office,New York City,New York,United States
FC-14245,Frank Carlisle,Home Office,Piedecuesta,Santander,Colombia
TT-21220,Thomas Thornton,Consumer,Mixco,Guatemala,Guatemala
SJ-20215,Sarah Jordon,Consumer,Mexico City,Distrito Federal,Mexico
PB-18805,Patrick Bzostek,Home Office,Managua,Managua,Nicaragua
RW-19690,Robert Waldorf,Consumer,Xiamen,Fujian,China
DB-3360,Dennis Bolton,Home Office,Kitwe,Copperbelt,Zambia
DK-13150,David Kendrick,Corporate,Berlin,Berlin,Germany
RW-9540,Rick Wilson,Corporate,Cape Town,Western Cape,South Africa
MP-17470,Mark Packer,Home Office,New York City,New York,United States
TB-21625,Trudy Brown,Consumer,New York City,New York,United States
MO-17800,Meg O'Connel,Home Office,Hamamatsu,Shizuoka,Japan
MR-17545,Mathew Reese,Home Office,Jodhpur,Rajasthan,India
LC-17050,Liz Carlisle,Consumer,Auckland,Auckland,New Zealand
RA-19885,Ruben Ausman,Corporate,Beijing,Beijing,China
MG-8145,Mike Gockenbach,Consumer,Lubumbashi,Katanga,Democratic Republic of the Congo
JE-16165,Justin Ellison,Corporate,Franklin,Wisconsin,United States
JK-16090,Juliana Krohn,Consumer,Omaha,Nebraska,United States
EM-13960,Eric Murdock,Consumer,Nagpur,Maharashtra,India
DJ-13420,Denny Joy,Corporate,Villahermosa,Tabasco,Mexico
BO-11425,Bobby Odegard,Consumer,Metepec,México,Mexico
LW-17215,Luke Weiss,Consumer,New York City,New York,United States
PJ-19015,Pauline Johnson,Consumer,Santa Ana,California,United States
KM-16720,Kunst Miller,Consumer,Manila,National Capital,Philippines
BG-11695,Brooke Gillingham,Corporate,Culiacán,Sinaloa,Mexico
CS-12130,Chad Sievert,Consumer,Melbourne,Victoria,Australia
MC-17425,Mark Cousins,Corporate,Mobile,Alabama,United States
BD-1635,Brian Derr,Consumer,Al Amarah,Maysan,Iraq
RF-19345,Randy Ferguson,Corporate,Barcelona,Catalonia,Spain
MG-7680,Maureen Gastineau,Home Office,Mashhad,Razavi Khorasan,Iran
KH-16690,Kristen Hastings,Corporate,Springfield,Virginia,United States
CC-12475,Cindy Chapman,Consumer,Bhavnagar,Gujarat,India
LT-16765,Larry Tron,Consumer,Rome,Lazio,Italy
BF-10975,Barbara Fisher,Corporate,Saint-Priest,Rhône-Alpes,France
CJ-12010,Caroline Jumper,Consumer,Anshan,Liaoning,China
SH-9975,Sally Hughsby,Corporate,Gyor,Gyor,Hungary
SL-20155,Sara Luxemburg,Home Office,Coyoacán,Distrito Federal,Mexico
NC-8340,Nat Carroll,Consumer,Monrovia,Montserrado,Liberia
JB-5400,Jennifer Braxton,Corporate,Johannesburg,Gauteng,South Africa
TB-21250,Tim Brockman,Consumer,Santiago de Cuba,Santiago de Cuba,Cuba
PS-18970,Paul Stevenson,Home Office,Bogotá,Bogota,Colombia
BB-11545,Brenda Bowman,Corporate,Erlangen,Bavaria,Germany
SG-10470,Sheri Gordon,Consumer,Tbilisi,Tbilisi,Georgia
SP-20920,Susan Pistek,Consumer,Bangkok,Bangkok,Thailand
Dp-13240,Dean percer,Home Office,Suzhou,Gansu,China
GZ-14470,Gary Zandusky,Consumer,Reggio nell'Emilia,Emilia-Romagna,Italy
AH-10075,Adam Hart,Corporate,Azcapotzalco,Distrito Federal,Mexico
CB-2025,Cassandra Brandow,Consumer,Lublin,Lublin,Poland
SC-20050,Sample Company A,Home Office,Gold Coast,Queensland,Australia
SC-10230,Scot Coram,Corporate,Elbasan,Elbasan,Albania
JS-15595,Jill Stevenson,Corporate,Medan,Sumatera Utara,Indonesia
BS-11380,Bill Stewart,Corporate,Bandung,Jawa Barat,Indonesia
JL-5130,Jack Lebron,Consumer,Voronezh,Voronezh,Russia
AS-10090,Adam Shillingsburg,Consumer,Huddersfield,England,United Kingdom
EL-13735,Ed Ludwig,Home Office,Melbourne,Victoria,Australia
FH-14275,Frank Hawley,Corporate,Palu,Sulawesi Tengah,Indonesia
OT-18730,Olvera Toch,Consumer,Bethlehem,Pennsylvania,United States
SM-10320,Sean Miller,Home Office,Koumra,Mandoul,Chad
PM-19135,Peter McVee,Home Office,Ballarat,Victoria,Australia
TS-11430,Tom Stivers,Corporate,Podgorica,Podgorica,Montenegro
LS-17245,Lynn Smith,Consumer,Zapopan,Jalisco,Mexico
SF-20200,Sarah Foster,Consumer,Bellingham,Washington,United States
CM-11815,Candace McMahon,Corporate,Lahore,Punjab,Pakistan
FG-14260,Frank Gastineau,Home Office,Bordeaux,Aquitaine,France
KN-6705,Kristina Nunn,Home Office,Hamadan,Hamadan,Iran
TB-11520,Tracy Blumstein,Consumer,Windhoek,Khomas,Namibia
JB-15400,Jennifer Braxton,Corporate,Quetzaltenango,Quezaltenango,Guatemala
KH-16510,Keith Herrera,Consumer,Bacolod City,Western Visayas,Philippines
DL-13330,Denise Leinenbach,Consumer,Nagpur,Maharashtra,India
KN-16390,Katherine Nockton,Corporate,Kwinana,Western Australia,Australia
SV-20935,Susan Vittorini,Consumer,Wuxi,Jiangsu,China
MD-17860,Michael Dominguez,Corporate,Sydney,New South Wales,Australia
LS-17200,Luke Schmidt,Corporate,Deuil-la-Barre,Ile-de-France,France
CM-12445,Chuck Magee,Consumer,Wollongong,New South Wales,Australia
SS-20140,Saphhira Shifley,Corporate,Lisbon,Lisboa,Portugal
GH-14425,Gary Hwang,Consumer,Wafangdian,Liaoning,China
SM-20320,Sean Miller,Home Office,San Juan de la Maguana,San Juan,Dominican Republic
GR-14560,Georgia Rosenberg,Corporate,Mexico City,Distrito Federal,Mexico
TS-21370,Todd Sumrall,Corporate,Chicago,Illinois,United States
DH-3675,Duane Huffman,Home Office,Antananarivo,Analamanga,Madagascar
MM-8280,Muhammed MacIntyre,Corporate,Ufa,Bashkortostan,Russia
PM-9135,Peter McVee,Home Office,Tehran,Tehran,Iran
GP-4740,Guy Phonely,Corporate,Casablanca,Grand Casablanca,Morocco
AF-10870,Art Ferguson,Consumer,Ghent,East Flanders,Belgium
TS-21505,Tony Sayre,Consumer,Boulogne-Billancourt,Ile-de-France,France
BM-11575,Brendan Murry,Corporate,Brisbane,Queensland,Australia
AH-10030,Aaron Hawkins,Corporate,Vienna,Vienna,Austria
AG-10495,Andrew Gjertsen,Corporate,Xiangtan,Hunan,China
AG-675,Anna Gayman,Consumer,Vienna,Vienna,Austria
SW-20755,Steven Ward,Corporate,Ris-Orangis,Ile-de-France,France
SK-19990,Sally Knutson,Consumer,Levallois-Perret,Ile-de-France,France
AG-10900,Arthur Gainer,Consumer,Mexico City,Distrito Federal,Mexico
AJ-960,Astrea Jones,Consumer,Casablanca,Grand Casablanca,Morocco
MC-7275,Marc Crier,Consumer,Luts'k,Volyn,Ukraine
ER-13855,Elpida Rittenbach,Corporate,Charlotte,North Carolina,United States
EJ-13720,Ed Jacobs,Consumer,Singapore,Singapore,Singapore
DH-13675,Duane Huffman,Home Office,Stoke-on-Trent,England,United Kingdom
HE-14800,Harold Engle,Corporate,Săo Paulo,Săo Paulo,Brazil
KT-16480,Kean Thornton,Consumer,Philadelphia,Pennsylvania,United States
SB-20170,Sarah Bern,Consumer,Huaibei,Anhui,China
EM-14140,Eugene Moren,Home Office,Lehi,Utah,United States
VT-21700,Valerie Takahito,Home Office,Masterton,Wellington,New Zealand
JS-15880,John Stevenson,Consumer,Seattle,Washington,United States
BC-11125,Becky Castell,Home Office,Whangarei,Northland,New Zealand
NF-18595,Nicole Fjeld,Home Office,Kunming,Yunnan,China
RH-9600,Rob Haberlin,Consumer,Vancouver,British Columbia,Canada
CS-11950,Carlos Soltero,Consumer,Haninge,Stockholm,Sweden
CM-12235,Chris McAfee,Consumer,Carrollton,Texas,United States
LW-16825,Laurel Workman,Corporate,Nasik,Maharashtra,India
RD-19585,Rob Dowd,Consumer,Torrevieja,Valenciana,Spain
BT-11680,Brian Thompson,Consumer,Ube,Yamaguchi,Japan
MD-7860,Michael Dominguez,Corporate,Poltava,Poltava,Ukraine
CC-12145,Charles Crestani,Consumer,Regensburg,Bavaria,Germany
XP-21865,Xylona Preis,Consumer,Mejicanos,San Salvador,El Salvador
ML-17410,Maris LaWare,Consumer,Camagüey,Camagüey,Cuba
BS-11665,Brian Stugart,Consumer,Clamart,Ile-de-France,France
SC-20230,Scot Coram,Corporate,Los Angeles,California,United States
QJ-19255,Quincy Jones,Corporate,Jixi,Heilongjiang,China
RE-19450,Richard Eichhorn,Consumer,Santo Domingo,Santo Domingo,Dominican Republic
CP-2085,Cathy Prescott,Corporate,Potchefstroom,North-West,South Africa
JK-5730,Joe Kamberova,Consumer,Vladimir,Vladimir,Russia
HZ-14950,Henia Zydlo,Consumer,Bordeaux,Aquitaine,France
AR-10570,Anemone Ratner,Consumer,Perth,Western Australia,Australia
EH-14005,Erica Hernandez,Home Office,Burgos,Castile and León,Spain
JR-15700,Jocasta Rupert,Consumer,Kollam,Kerala,India
PL-18925,Paul Lucas,Home Office,Yangon,Yangon,Myanmar (Burma)
TC-21145,Theresa Coyne,Corporate,Mexico City,Distrito Federal,Mexico
DG-13300,Deirdre Greer,Corporate,Mexico City,Distrito Federal,Mexico
Dl-13600,Dorris liebe,Corporate,Mont-de-Marsan,Aquitaine,France
NC-18415,Nathan Cano,Consumer,Houston,Texas,United States
EB-13930,Eric Barreto,Consumer,Depok,Jawa Barat,Indonesia
CP-12085,Cathy Prescott,Corporate,Springfield,Missouri,United States
SM-20005,Sally Matthias,Consumer,Santo André,Săo Paulo,Brazil
JR-15670,Jim Radford,Consumer,Menden,North Rhine-Westphalia,Germany
DL-12925,Daniel Lacy,Consumer,Wollongong,New South Wales,Australia
FM-14290,Frank Merwin,Home Office,Spanish Town,Saint Catherine,Jamaica
DP-13165,David Philippe,Consumer,Thane,Maharashtra,India
CK-12595,Clytie Kelty,Consumer,Taupo,Waikato,New Zealand
CM-11830,Cari MacIntyre,Corporate,Vernon,Upper Normandy,France
PP-18955,Paul Prost,Home Office,Seattle,Washington,United States
MM-17260,Magdelene Morse,Consumer,Tianjin,Tianjin,China
ME-17320,Maria Etezadi,Home Office,Stoke-on-Trent,England,United Kingdom
CS-12490,Cindy Schnelling,Corporate,Chihuahua,Chihuahua,Mexico
GH-14410,Gary Hansen,Home Office,Elx,Valenciana,Spain
MC-17635,Matthew Clasen,Corporate,Santa Cruz de Barahona,Barahona,Dominican Republic
LM-7065,Liz MacKendrick,Consumer,Doha,Ad Dawhah,Qatar
AR-10510,Andrew Roberts,Consumer,Velletri,Lazio,Italy
JH-15910,Jonathan Howell,Consumer,Matsubara,Oita,Japan
DK-3375,Dennis Kane,Consumer,Kinshasa,Kinshasa,Democratic Republic of the Congo
EG-13900,Emily Grady,Consumer,Puteaux,Ile-de-France,France
AS-10630,Ann Steele,Home Office,Whakatane,Bay of Plenty,New Zealand
CL-11890,Carl Ludwig,Consumer,Açu,Rio Grande do Norte,Brazil
CA-12265,Christina Anderson,Consumer,Colchester,England,United Kingdom
PF-19165,Philip Fox,Consumer,Sandy Springs,Georgia,United States
DB-12970,Darren Budd,Corporate,Montpellier,Languedoc-Roussillon,France
CL-12565,Clay Ludtke,Consumer,Cleveland,Ohio,United States
MF-17665,Maureen Fritzler,Corporate,Chaoyang,Jilin,China
IM-15055,Ionia McGrath,Consumer,San Francisco,California,United States
EB-13975,Erica Bern,Corporate,Săo Paulo,Săo Paulo,Brazil
AA-10315,Alex Avila,Consumer,Round Rock,Texas,United States
MV-17485,Mark Van Huff,Consumer,Saint-Chamond,Rhône-Alpes,France
JW-15955,Joni Wasserman,Consumer,Fontenay-aux-Roses,Ile-de-France,France
TS-21610,Troy Staebel,Consumer,San Francisco,California,United States
MC-17575,Matt Collins,Consumer,Joinville,Santa Catarina,Brazil
JF-5415,Jennifer Ferguson,Consumer,Casablanca,Grand Casablanca,Morocco
AH-10210,Alan Hwang,Consumer,Colombo,Parana,Brazil
KD-16345,Katherine Ducich,Consumer,Surat,Gujarat,India
PG-18895,Paul Gonzalez,Consumer,Mérida,Yucatán,Mexico
HK-14890,Heather Kirkland,Corporate,Drancy,Ile-de-France,France
RR-19315,Ralph Ritter,Consumer,Gold Coast,Queensland,Australia
HH-5010,Hilary Holden,Corporate,Dar es Salaam,Dar Es Salaam,Tanzania
SH-20635,Stefanie Holloman,Corporate,Nuremberg,Bavaria,Germany
AR-10825,Anthony Rawles,Corporate,Concord,California,United States
RP-9855,Roy Phan,Corporate,Beni Mellal,Tadla-Azilal,Morocco
LR-17035,Lisa Ryan,Corporate,Hamburg,Hamburg,Germany
IM-5055,Ionia McGrath,Consumer,Loubomo,Niari,Republic of the Congo
CK-12325,Christine Kargatis,Home Office,Troy,Ohio,United States
AS-285,Alejandro Savely,Corporate,Kaliningrad,Kaliningrad,Russia
DK-12985,Darren Koutras,Consumer,Mejicanos,San Salvador,El Salvador
EH-4185,Evan Henry,Consumer,Ad Diwaniyah,Al Qadisiyah,Iraq
ML-17395,Marina Lichtenstein,Corporate,Jakarta,Jakarta,Indonesia
BF-11215,Benjamin Farhat,Home Office,Managua,Managua,Nicaragua
MB-7305,Maria Bertelson,Consumer,Kinshasa,Kinshasa,Democratic Republic of the Congo
CR-12580,Clay Rozendal,Home Office,San Diego,California,United States
TB-21520,Tracy Blumstein,Consumer,Philadelphia,Pennsylvania,United States
KN-16450,Kean Nguyen,Corporate,Perth,Western Australia,Australia
HR-14770,Hallie Redmond,Home Office,Marikina,National Capital,Philippines
CK-12760,Cyma Kinney,Corporate,Bayonne,Aquitaine,France
RO-9780,Rose O'Brian,Consumer,Algiers,Alger,Algeria
EN-13780,Edward Nazzal,Consumer,New York City,New York,United States
AH-10465,Amy Hunt,Consumer,León,León,Nicaragua
AH-10585,Angele Hood,Consumer,Townsville,Queensland,Australia
RB-9435,Richard Bierner,Consumer,Kaunas,Kaunas,Lithuania
AG-525,Andy Gerbode,Corporate,Ardabil,Ardabil,Iran
AR-10345,Alex Russell,Corporate,Mexicali,Baja California,Mexico
MW-8220,Mitch Webber,Consumer,Mecca,Makkah,Saudi Arabia
AH-210,Alan Hwang,Consumer,Alexandria,Al Iskandariyah,Egypt
TH-21235,Tiffany House,Corporate,Sydney,New South Wales,Australia
LT-7110,Liz Thompson,Consumer,Pretoria,Gauteng,South Africa
HD-14785,Harold Dahlen,Home Office,Schwerin,Mecklenburg-Vorpommern,Germany
MC-7575,Matt Collins,Consumer,Jeddah,Makkah,Saudi Arabia
MH-18025,Michelle Huthwaite,Consumer,Lafayette,Louisiana,United States
CC-2475,Cindy Chapman,Consumer,Matola,Maputo,Mozambique
CM-12190,Charlotte Melton,Consumer,Mulhouse,Alsace,France
RA-19915,Russell Applegate,Consumer,Denver,Colorado,United States
MT-18070,Michelle Tran,Home Office,Rueil-Malmaison,Ile-de-France,France
JF-15415,Jennifer Ferguson,Consumer,Crawley,England,United Kingdom
ES-14020,Erica Smith,Consumer,Madrid,Madrid,Spain
CC-12685,Craig Carroll,Consumer,Vijayawada,Andhra Pradesh,India
IM-15070,Irene Maddox,Consumer,Bandung,Jawa Barat,Indonesia
DA-13450,Dianna Arnett,Home Office,Tegucigalpa,Francisco Morazán,Honduras
SS-10410,Shahid Shariari,Consumer,Brampton,Ontario,Canada
BM-11650,Brian Moss,Corporate,Columbia,Maryland,United States
SW-20350,Sean Wendt,Home Office,Depok,Jawa Barat,Indonesia
CM-1830,Cari MacIntyre,Corporate,Johannesburg,Gauteng,South Africa
MY-17380,Maribeth Yedwab,Corporate,Bergen,Hordaland,Norway
MS-7830,Melanie Seite,Consumer,Riyadh,Ar Riyad,Saudi Arabia
HG-14965,Henry Goldwyn,Corporate,Lahore,Punjab,Pakistan
DC-13285,Debra Catini,Consumer,Mixco,Guatemala,Guatemala
DL-13315,Delfina Latchford,Consumer,London,England,United Kingdom
JK-15370,Jay Kimmel,Consumer,Fernando de la Mora,Central,Paraguay
CH-2070,Cathy Hwang,Home Office,Malayer,Hamadan,Iran
MH-7440,Mark Haberlin,Corporate,Mbuji-mayi,Kasai-Oriental,Democratic Republic of the Congo
MC-17845,Michael Chen,Consumer,Gwalior,Madhya Pradesh,India
PW-19030,Pauline Webber,Corporate,Southend-on-Sea,England,United Kingdom
BS-11590,Brendan Sweed,Corporate,Thionville,Lorraine,France
DO-13435,Denny Ordway,Consumer,Srinagar,Jammu and Kashmir,India
SG-20890,Susan Gilcrest,Corporate,Villa Nueva,Guatemala,Guatemala
SU-20665,Stephanie Ulpright,Home Office,Chicago,Illinois,United States
JC-16105,Julie Creighton,Corporate,Gold Coast,Queensland,Australia
TB-21190,Thomas Brumley,Home Office,Allahabad,Uttar Pradesh,India
SV-10785,Stewart Visinsky,Consumer,Daloa,Haut-Sassandra,Cote d'Ivoire
VP-21760,Victoria Pisteka,Corporate,Madrid,Madrid,Spain
LR-16915,Lena Radford,Consumer,Gorakhpur,Haryana,India
TH-21550,Tracy Hopkins,Home Office,Bangkok,Bangkok,Thailand
TC-11145,Theresa Coyne,Corporate,Magnitogorsk,Chelyabinsk,Russia
JL-15235,Janet Lee,Consumer,Santo Domingo,Santo Domingo,Dominican Republic
RK-19300,Ralph Kennedy,Consumer,Serra,Espírito Santo,Brazil
CC-12670,Craig Carreira,Consumer,Florence,Tuscany,Italy
DB-13555,Dorothy Badders,Corporate,Raleigh,North Carolina,United States
SG-20605,Speros Goranitis,Consumer,New York City,New York,United States
MG-17890,Michael Granlund,Home Office,Lahore,Punjab,Pakistan
MA-17560,Matt Abelman,Home Office,New York City,New York,United States
CB-12025,Cassandra Brandow,Consumer,Jakarta,Jakarta,Indonesia
DH-13075,Dave Hallsten,Corporate,New York City,New York,United States
BT-11395,Bill Tyler,Corporate,Worthing,England,United Kingdom
TT-11265,Tim Taslimi,Corporate,Lublin,Lublin,Poland
TH-11235,Tiffany House,Corporate,Baghdad,Baghdad,Iraq
VG-21790,Vivek Gonzalez,Consumer,San Luis,San Luis,Argentina
NW-18400,Natalie Webber,Consumer,San Luis Potosí,San Luis Potosí,Mexico
VP-21730,Victor Preis,Home Office,Brisbane,Queensland,Australia
SS-20410,Shahid Shariari,Consumer,Le Chesnay,Ile-de-France,France
JE-15715,Joe Elijah,Consumer,New York City,New York,United States
AG-270,Alejandro Grove,Consumer,Prague,Prague,Czech Republic
BW-11200,Ben Wallace,Consumer,Dieppe,Upper Normandy,France
EK-13795,Eileen Kiefer,Home Office,San Francisco,California,United States
SG-20080,Sandra Glassco,Consumer,Redlands,California,United States
SC-10725,Steven Cartwright,Consumer,Bangui,Bangui,Central African Republic
AG-10525,Andy Gerbode,Corporate,Irapuato,Guanajuato,Mexico
MG-18145,Mike Gockenbach,Consumer,Bhilwara,Rajasthan,India
BD-11605,Brian Dahlen,Consumer,Newcastle,New South Wales,Australia
PB-19105,Peter Bühler,Consumer,Orange,New South Wales,Australia
SC-20575,Sonia Cooley,Consumer,Torreón,Coahuila,Mexico
DO-3435,Denny Ordway,Consumer,Porto-Novo,Ouémé,Benin
CC-12220,Chris Cortes,Consumer,New York City,New York,United States
TS-21430,Tom Stivers,Corporate,Outreau,Nord-Pas-de-Calais,France
AZ-10750,Annie Zypern,Consumer,León,León,Nicaragua
IG-15085,Ivan Gibson,Consumer,Bourg-en-Bresse,Rhône-Alpes,France
SP-20860,Sung Pak,Corporate,Mulhouse,Alsace,France
KM-16225,Kalyca Meade,Corporate,Geelong,Victoria,Australia
KM-6720,Kunst Miller,Consumer,Kashan,Esfahan,Iran
MM-18055,Michelle Moray,Consumer,Herford,North Rhine-Westphalia,Germany
RB-19360,Raymond Buch,Consumer,Cairns,Queensland,Australia
NC-8415,Nathan Cano,Consumer,L'viv,L'viv,Ukraine
SN-20710,Steve Nguyen,Home Office,Geelong,Victoria,Australia
DL-3330,Denise Leinenbach,Consumer,Arbil,Arbil,Iraq
JG-15115,Jack Garza,Consumer,Des Moines,Washington,United States
CJ-11875,Carl Jackson,Corporate,Brisbane,Queensland,Australia
AY-10555,Andy Yotov,Corporate,Bradford,England,United Kingdom
BV-11245,Benjamin Venier,Corporate,San Sebastian,Basque Country,Spain
PO-9195,Phillina Ober,Home Office,Tangier,Tanger-Tétouan,Morocco
GZ-4545,George Zrebassa,Corporate,Blagoveshchensk,Amur,Russia
PN-18775,Parhena Norris,Home Office,Tianjin,Tianjin,China
SC-20800,Stuart Calhoun,Consumer,Bhilai,Chhattisgarh,India
AC-10615,Ann Chong,Corporate,New York City,New York,United States
VB-21745,Victoria Brennan,Corporate,Rochester,New York,United States
TT-11460,Tonja Turnell,Home Office,Durres,Durrës,Albania
AC-10420,Alyssa Crouse,Corporate,Kunming,Yunnan,China
CG-12040,Catherine Glotzbach,Home Office,Wellington,Wellington,New Zealand
TR-11325,Toby Ritter,Consumer,Dar es Salaam,Dar Es Salaam,Tanzania
SC-20440,Shaun Chance,Corporate,Victoria,Tamaulipas,Mexico
BT-11305,Beth Thompson,Home Office,San Gabriel,California,United States
JB-15925,Joni Blumstein,Consumer,Trier,Rhineland-Palatinate,Germany
GW-14605,Giulietta Weimer,Consumer,Luoyang,Guangdong,China
SC-20725,Steven Cartwright,Consumer,Petrópolis,Rio de Janeiro,Brazil
EH-13765,Edward Hooks,Corporate,Watertown,New York,United States
YS-21880,Yana Sorensen,Corporate,Seattle,Washington,United States
FO-14305,Frank Olsen,Consumer,Noisy-le-Grand,Ile-de-France,France
RP-19855,Roy Phan,Corporate,Bangkok,Bangkok,Thailand
AB-10600,Ann Blume,Corporate,Tucson,Arizona,United States
KB-16240,Karen Bern,Corporate,Kalyan,Maharashtra,India
KA-16525,Kelly Andreada,Consumer,Mejicanos,San Salvador,El Salvador
EM-3960,Eric Murdock,Consumer,Casablanca,Grand Casablanca,Morocco
JD-15790,John Dryer,Consumer,Semarang,Jawa Tengah,Indonesia
JL-15850,John Lucas,Consumer,Stuttgart,Baden-Württemberg,Germany
JW-16075,Julia West,Consumer,Hamilton,Waikato,New Zealand
LL-6840,Lauren Leatherbury,Consumer,Kinshasa,Kinshasa,Democratic Republic of the Congo
TH-21100,Thea Hendricks,Consumer,Lyon,Rhône-Alpes,France
MC-17275,Marc Crier,Consumer,Lille,Nord-Pas-de-Calais,France
NG-8430,Nathan Gelder,Consumer,Chelyabinsk,Chelyabinsk,Russia
KD-16615,Ken Dana,Corporate,Marseille,Provence-Alpes-Côte d'Azur,France
MC-17605,Matt Connell,Corporate,Santo Domingo,Santo Domingo,Dominican Republic
JK-15625,Jim Karlsson,Consumer,Mejicanos,San Salvador,El Salvador
TS-11505,Tony Sayre,Consumer,Algiers,Alger,Algeria
LD-6855,Lela Donovan,Corporate,Pretoria,Gauteng,South Africa
LP-17080,Liz Pelletier,Consumer,Melbourne,Victoria,Australia
CV-12805,Cynthia Voltz,Corporate,Matsudo,Chiba,Japan
MO-17500,Mary O'Rourke,Consumer,Aachen,North Rhine-Westphalia,Germany
MS-17530,MaryBeth Skach,Consumer,Melbourne,Victoria,Australia
GA-14515,George Ashbrook,Consumer,Ballarat,Victoria,Australia
CS-12355,Christine Sundaresam,Consumer,Gold Coast,Queensland,Australia
GM-14500,Gene McClure,Consumer,Managua,Managua,Nicaragua
CC-2670,Craig Carreira,Consumer,Beirut,Beirut,Lebanon
MN-17935,Michael Nguyen,Consumer,Hefei,Anhui,China
JM-16195,Justin MacKendrick,Consumer,Louisville,Kentucky,United States
DB-13615,Doug Bickford,Consumer,Los Angeles,California,United States
PK-18910,Paul Knutson,Home Office,San Luis Potosí,San Luis Potosí,Mexico
LS-16945,Linda Southworth,Corporate,Tegal,Jawa Tengah,Indonesia
JK-15730,Joe Kamberova,Consumer,Rome,Lazio,Italy
SW-10275,Scott Williamson,Consumer,Kitchener,Ontario,Canada
MC-18100,Mick Crebagga,Consumer,Sevran,Ile-de-France,France
EH-13945,Eric Hoffmann,Consumer,Portici,Campania,Italy
LC-16930,Linda Cazamias,Corporate,Sparks,Nevada,United States
MA-17995,Michelle Arnett,Home Office,Duisburg,North Rhine-Westphalia,Germany
SP-20650,Stephanie Phelps,Corporate,Balikpapan,Kalimantan Timur,Indonesia
JH-15430,Jennifer Halladay,Consumer,Poza Rica de Hidalgo,Veracruz,Mexico
ML-17755,Max Ludwig,Home Office,Clichy-sous-Bois,Ile-de-France,France
PC-18745,Pamela Coakley,Corporate,Antipolo,Calabarzon,Philippines
KE-16420,Katrina Edelman,Corporate,Curitiba,Parana,Brazil
EM-4200,Evan Minnotte,Home Office,Sale,Rabat-Salé-Zemmour-Zaer,Morocco
DW-13480,Dianna Wilson,Home Office,Albury,New South Wales,Australia
SC-10680,Steve Carroll,Home Office,Kutahya,Kutahya,Turkey
JG-15805,John Grady,Corporate,Daqing,Heilongjiang,China
LL-16840,Lauren Leatherbury,Consumer,Waynesboro,Virginia,United States
PV-8985,Paul Van Hugh,Home Office,Yaounde,Centre,Cameroon
PO-19180,Philisse Overcash,Home Office,Chicago,Illinois,United States
SH-19975,Sally Hughsby,Corporate,Rockhampton,Queensland,Australia
GA-14725,Guy Armstrong,Consumer,Jiangdu,Jiangsu,China
GT-4755,Guy Thornton,Consumer,Kinshasa,Kinshasa,Democratic Republic of the Congo
PR-18880,Patrick Ryan,Consumer,Puebla,Puebla,Mexico
AG-10765,Anthony Garverick,Home Office,Mumbai,Maharashtra,India
SE-20110,Sanjit Engle,Consumer,Stuttgart,Baden-Württemberg,Germany
JB-16045,Julia Barnett,Home Office,Santiago,Santiago,Chile
JM-5580,Jill Matthias,Consumer,Nairobi,Nairobi,Kenya
JO-15280,Jas O'Carroll,Consumer,Hyderabad,Telangana,India
LP-17095,Liz Preis,Consumer,Aurora,Illinois,United States
EJ-14155,Eva Jacobs,Consumer,Bayamo,Granma,Cuba
VW-21775,Victoria Wilson,Corporate,San Francisco,California,United States
GM-14455,Gary Mitchum,Home Office,Kabul,Kabul,Afghanistan
BF-1080,Bart Folk,Consumer,Edmonton,Alberta,Canada
SM-20905,Susan MacKendrick,Consumer,Lismore,New South Wales,Australia
BO-1425,Bobby Odegard,Consumer,Sikasso,Sikasso,Mali
AW-10930,Arthur Wiediger,Home Office,Nottingham,England,United Kingdom
JP-15460,Jennifer Patt,Corporate,Medan,Sumatera Utara,Indonesia
AS-10240,Alan Shonely,Consumer,Whyalla,South Australia,Australia
TB-11625,Trudy Brown,Consumer,Bagcilar,Istanbul,Turkey
JP-5520,Jeremy Pistek,Consumer,Dar es Salaam,Dar Es Salaam,Tanzania
BD-11770,Bryan Davis,Consumer,Bressuire,Poitou-Charentes,France
BD-11635,Brian Derr,Consumer,Perth,Western Australia,Australia
CC-2370,Christopher Conant,Consumer,Chelyabinsk,Chelyabinsk,Russia
PO-8850,Patrick O'Brill,Consumer,Pretoria,Gauteng,South Africa
TZ-21445,Tom Zandusky,Corporate,Luoyang,Guangdong,China
RB-19435,Richard Bierner,Consumer,Depok,Yogyakarta,Indonesia
JE-15475,Jeremy Ellison,Consumer,Kawagoe,Saitama,Japan
AI-10855,Arianne Irving,Consumer,Sydney,New South Wales,Australia
MH-17440,Mark Haberlin,Corporate,Qingdao,Shandong,China
JE-6165,Justin Ellison,Corporate,Misratah,Misratah,Libya
DS-13180,David Smith,Corporate,Managua,Managua,Nicaragua
AC-10660,Anna Chung,Consumer,Can Tho,T?nh C?n Th?,Vietnam
MH-17455,Mark Hamilton,Consumer,Greenwood,Indiana,United States
CC-12430,Chuck Clark,Home Office,Morelia,Michoacán,Mexico
NG-18355,Nat Gilpin,Corporate,Santiago de Cuba,Santiago de Cuba,Cuba
RC-19825,Roy Collins,Consumer,Woking,England,United Kingdom
JD-16015,Joy Daniels,Consumer,Mixco,Guatemala,Guatemala
JH-5910,Jonathan Howell,Consumer,Johannesburg,Gauteng,South Africa
SC-10695,Steve Chapman,Corporate,Port Elizabeth,Eastern Cape,South Africa
RD-9930,Russell D'Ascenzo,Consumer,Mashhad,Razavi Khorasan,Iran
LC-6930,Linda Cazamias,Corporate,Torbali,Izmir,Turkey
DW-13195,David Wiener,Corporate,Bhiwandi,Maharashtra,India
RD-19900,Ruben Dartt,Consumer,Kaifeng,Henan,China
MV-18190,Mike Vittorini,Consumer,Raleigh,North Carolina,United States
RD-19480,Rick Duston,Consumer,Sydney,New South Wales,Australia
SV-20365,Seth Vernon,Consumer,New York City,New York,United States
LS-17230,Lycoris Saunders,Consumer,Tlalnepantla,México,Mexico
GD-14590,Giulietta Dortch,Corporate,Sydney,New South Wales,Australia
EB-13750,Edward Becker,Corporate,Singapore,Singapore,Singapore
KH-6360,Katherine Hughes,Consumer,Nairobi,Nairobi,Kenya
BF-11275,Beth Fritzler,Corporate,La Romana,La Romana,Dominican Republic
NG-18430,Nathan Gelder,Consumer,Cambridge,England,United Kingdom
Co-12640,Corey-Lock,Consumer,Carora,Lara,Venezuela
SF-20965,Sylvia Foulston,Corporate,Newcastle,New South Wales,Australia
KB-16405,Katrina Bavinger,Home Office,Dublin,Dublin,Ireland
LC-16870,Lena Cacioppo,Consumer,Nice,Provence-Alpes-Côte d'Azur,France
JL-15505,Jeremy Lonsdale,Consumer,Mexico City,Distrito Federal,Mexico
BD-11725,Bruce Degenhardt,Consumer,Mixco,Guatemala,Guatemala
TM-21010,Tamara Manning,Consumer,Trier,Rhineland-Palatinate,Germany
AB-150,Aimee Bixby,Consumer,Shiraz,Fars,Iran
BW-11065,Barry Weirich,Consumer,Cologne,North Rhine-Westphalia,Germany
FM-14380,Fred McMath,Consumer,Xinshi,Hubei,China
PC-8745,Pamela Coakley,Corporate,Sofia,Sofiya-Grad,Bulgaria
BN-1470,Brad Norvell,Corporate,Katowice,Silesia,Poland
AH-10120,Adrian Hane,Home Office,Culiacán,Sinaloa,Mexico
LF-17185,Luke Foster,Consumer,San Antonio,Texas,United States
DJ-13630,Doug Jacobs,Consumer,Montenegro,Quindío,Colombia
SJ-20125,Sanjit Jacobs,Home Office,Boulogne-Billancourt,Ile-de-France,France
ML-18265,Muhammed Lee,Consumer,Leipzig,Saxony,Germany
SF-10965,Sylvia Foulston,Corporate,Kermanshah,Kermanshah,Iran
PO-8865,Patrick O'Donnell,Consumer,Guelma,Guelma,Algeria
MH-17290,Marc Harrigan,Home Office,Singapore,Singapore,Singapore
NR-18550,Nick Radford,Consumer,Shantou,Guangdong,China
MK-17905,Michael Kennedy,Corporate,Rockford,Illinois,United States
DB-13660,Duane Benoit,Consumer,Nantes,Pays de la Loire,France
PH-18790,Patricia Hirasaki,Home Office,Wellington,Wellington,New Zealand
AB-10165,Alan Barnes,Consumer,Grenoble,Rhône-Alpes,France
CA-12055,Cathy Armstrong,Home Office,Castrop-Rauxel,North Rhine-Westphalia,Germany
JF-5295,Jason Fortune-,Consumer,Rasht,Gilan,Iran
KT-16465,Kean Takahito,Consumer,Glendale,Arizona,United States
RB-9705,Roger Barcio,Home Office,Cairo,Al Qahirah,Egypt
BD-1725,Bruce Degenhardt,Consumer,Ramat Aviv,Tel Aviv,Israel
EB-13705,Ed Braxton,Corporate,Paulista,Pernambuco,Brazil
MG-17875,Michael Grace,Home Office,Wagga Wagga,New South Wales,Australia
MG-17650,Matthew Grinstein,Home Office,Lunel,Languedoc-Roussillon,France
AG-10270,Alejandro Grove,Consumer,Whangarei,Northland,New Zealand
NP-8685,Nora Pelletier,Home Office,Pretoria,Gauteng,South Africa
AS-630,Ann Steele,Home Office,Lagos,Lagos,Nigeria
SC-20680,Steve Carroll,Home Office,Ninghai,Shandong,China
MC-17590,Matt Collister,Corporate,Chimaltenango,Chimaltenango,Guatemala
TP-11415,Tom Prescott,Consumer,Toronto,Ontario,Canada
HH-15010,Hilary Holden,Corporate,Nagpur,Maharashtra,India
BT-11485,Brad Thomas,Home Office,El Prat de Llobregat,Catalonia,Spain
EB-13870,Emily Burns,Consumer,Pematangsiantar,Sumatera Utara,Indonesia
JP-15520,Jeremy Pistek,Consumer,San Francisco,California,United States
CM-2115,Chad McGuire,Consumer,Cairo,Al Qahirah,Egypt
EA-14035,Erin Ashbrook,Corporate,Monterrey,Nuevo León,Mexico
FH-14350,Fred Harton,Consumer,Woking,England,United Kingdom
BS-1800,Bryan Spruell,Home Office,Cape Town,Western Cape,South Africa
AA-10375,Allen Armold,Consumer,Santa Catarina,Nuevo León,Mexico
BN-11515,Bradley Nguyen,Consumer,Angers,Pays de la Loire,France
EG-3900,Emily Grady,Consumer,Annaba,Annaba,Algeria
RE-19405,Ricardo Emerson,Consumer,San Salvador,San Salvador,El Salvador
ND-18460,Neil Ducich,Corporate,Managua,Managua,Nicaragua
TT-21460,Tonja Turnell,Home Office,Fort Worth,Texas,United States
ML-18040,Michelle Lonsdale,Corporate,Brisbane,Queensland,Australia
JL-5505,Jeremy Lonsdale,Consumer,Baghdad,Baghdad,Iraq
SP-20545,Sibella Parks,Corporate,Brisbane,Queensland,Australia
SF-10065,Sandra Flanagan,Consumer,Donets'k,Donetsk,Ukraine
AS-10045,Aaron Smayling,Corporate,Jacksonville,North Carolina,United States
TT-11220,Thomas Thornton,Consumer,Dar es Salaam,Dar Es Salaam,Tanzania
AH-10195,Alan Haines,Corporate,San Salvador,San Salvador,El Salvador
KH-6630,Ken Heidel,Corporate,Riyadh,Ar Riyad,Saudi Arabia
AA-10645,Anna Andreadi,Consumer,Jakarta,Jakarta,Indonesia
JL-15130,Jack Lebron,Consumer,Villeurbanne,Rhône-Alpes,France
KM-6375,Katherine Murray,Home Office,Chililabombwe,Copperbelt,Zambia
LS-16975,Lindsay Shagiari,Home Office,Baltimore,Maryland,United States
KL-16645,Ken Lonsdale,Consumer,Detroit,Michigan,United States
EH-14185,Evan Henry,Consumer,Schwerin,Mecklenburg-Vorpommern,Germany
KW-6570,Kelly Williams,Consumer,Brasov,Brasov,Romania
DB-3060,Dave Brooks,Consumer,Arbil,Arbil,Iraq
FA-14230,Frank Atkinson,Corporate,Dortmund,North Rhine-Westphalia,Germany
JF-15565,Jill Fjeld,Consumer,Munich,Bavaria,Germany
LO-7170,Lori Olson,Corporate,Nairobi,Nairobi,Kenya
KB-6315,Karl Braun,Consumer,Makhachkala,Dagestan,Russia
BS-11755,Bruce Stewart,Consumer,Cairns,Queensland,Australia
RB-19465,Rick Bensley,Home Office,Devonport,Tasmania,Australia
HF-14995,Herbert Flentye,Consumer,Paris,Ile-de-France,France
MP-17965,Michael Paige,Corporate,Hanoi,Th? Dô Hŕ N?i,Vietnam
JJ-15445,Jennifer Jackson,Consumer,Genk,Limburg,Belgium
LC-17140,Logan Currie,Consumer,New York City,New York,United States
TT-11070,Ted Trevino,Consumer,Kumasi,Ashanti,Ghana
BF-11020,Barry Französisch,Corporate,New York City,New York,United States
ES-14080,Erin Smith,Corporate,Yunyang,Henan,China
FC-14335,Fred Chung,Corporate,Caloundra,Queensland,Australia
TS-21160,Theresa Swint,Corporate,Manila,National Capital,Philippines
RE-9450,Richard Eichhorn,Consumer,Sakaka,Al Jawf,Saudi Arabia
JC-15340,Jasper Cacioppo,Consumer,Saint-Dizier,Champagne-Ardenne,France
MH-17785,Maya Herman,Corporate,Bandung,Jawa Barat,Indonesia
RF-19840,Roy Französisch,Consumer,Cuttack,Odisha,India
PG-18820,Patrick Gardner,Consumer,Xuzhou,Jiangsu,China
DO-13645,Doug O'Connell,Consumer,Bridgetown,Saint Michael,Barbados
SC-10305,Sean Christensen,Consumer,Lubumbashi,Katanga,Democratic Republic of the Congo
TN-21040,Tanja Norvell,Home Office,Phoenix,Arizona,United States
DR-12880,Dan Reichenbach,Corporate,New York City,New York,United States
EB-3975,Erica Bern,Corporate,Dakar,Dakar,Senegal
NS-8505,Neola Schneider,Consumer,Kano,Kano,Nigeria
SF-20065,Sandra Flanagan,Consumer,Changzhou,Jiangsu,China
RA-19285,Ralph Arnett,Consumer,Puertollano,Castile-La Mancha,Spain
LT-17110,Liz Thompson,Consumer,Hamburg,Hamburg,Germany
BF-11170,Ben Ferrer,Home Office,Lawrence,Massachusetts,United States
AR-825,Anthony Rawles,Corporate,Fes,Fčs-Boulemane,Morocco
SD-20485,Shirley Daniels,Home Office,Ciego de Ávila,Ciego de Ávila,Cuba
GW-4605,Giulietta Weimer,Consumer,Arkhangelsk,Arkhangel'sk,Russia
DB-13120,David Bremer,Corporate,Marion,Ohio,United States
JC-5775,John Castell,Consumer,Nizhyn,Chernihiv,Ukraine
ND-8460,Neil Ducich,Corporate,Bamako,Bamako,Mali
TC-11295,Toby Carlisle,Consumer,Montréal,Quebec,Canada
DM-2955,Dario Medina,Corporate,Kharkiv,Kharkiv,Ukraine
PJ-9015,Pauline Johnson,Consumer,Dnipropetrovs'k,Dnipropetrovs'k,Ukraine
JH-5820,John Huston,Consumer,Ardabil,Ardabil,Iran
ME-18010,Michelle Ellison,Corporate,Paris,Ile-de-France,France
AH-10690,Anna Häberlin,Corporate,Sydney,New South Wales,Australia
RD-19660,Robert Dilbeck,Home Office,Tlalpan,Distrito Federal,Mexico
CD-1980,Carol Darley,Consumer,Mahajanga,Boeny,Madagascar
CL-2565,Clay Ludtke,Consumer,Saida,Saida,Algeria
MO-7800,Meg O'Connel,Home Office,Arzgir,Stavropol',Russia
CR-2580,Clay Rozendal,Home Office,Alexandria,Al Iskandariyah,Egypt
TC-10980,Tamara Chand,Corporate,Baku,Baki,Azerbaijan
RD-9900,Ruben Dartt,Consumer,Vinnytsya,Vinnytsya,Ukraine
CS-12250,Chris Selesnick,Corporate,Bossier City,Louisiana,United States
CH-12070,Cathy Hwang,Home Office,Paris,Ile-de-France,France
JF-15355,Jay Fein,Consumer,Libourne,Aquitaine,France
AS-135,Adrian Shami,Home Office,Ashdod,Southern,Israel
SP-20620,Stefania Perrino,Corporate,Chittagong,Chittagong,Bangladesh
EC-14050,Erin Creighton,Consumer,Pune,Maharashtra,India
IG-5085,Ivan Gibson,Consumer,Alexandria,Al Iskandariyah,Egypt
TB-21355,Todd Boyes,Corporate,Patrocínio,Minas Gerais,Brazil
MH-17620,Matt Hagelstein,Corporate,San Francisco,California,United States
GT-14755,Guy Thornton,Consumer,Tijuana,Baja California,Mexico
DF-13135,David Flashing,Consumer,Slough,England,United Kingdom
AS-240,Alan Shonely,Consumer,Tallinn,Harjumaa,Estonia
PG-8820,Patrick Gardner,Consumer,Chipata,Eastern,Zambia
JS-6030,Joy Smith,Consumer,Yaounde,Centre,Cameroon
SS-20590,Sonia Sunley,Consumer,Camagüey,Camagüey,Cuba
CS-2490,Cindy Schnelling,Corporate,Ad Diwaniyah,Al Qadisiyah,Iraq
CM-2715,Craig Molinari,Corporate,Galati,Galati,Romania
BM-1140,Becky Martin,Consumer,Kharkiv,Kharkiv,Ukraine
RD-19720,Roger Demir,Consumer,Bry-sur-Marne,Ile-de-France,France
LD-17005,Lisa DeCherney,Consumer,New York City,New York,United States
EB-3705,Ed Braxton,Corporate,Benghazi,Banghazi,Libya
RH-19555,Ritsa Hightower,Consumer,Bacoor,Calabarzon,Philippines
JP-6135,Julie Prescott,Home Office,Tabuk,Tabuk,Saudi Arabia
PB-9210,Phillip Breyer,Corporate,Bene Beraq,Tel Aviv,Israel
LC-16960,Lindsay Castell,Home Office,San Diego,California,United States
JC-15385,Jenna Caffey,Consumer,London,England,United Kingdom
IL-15100,Ivan Liston,Consumer,Columbus,Indiana,United States
SW-10245,Scot Wooten,Consumer,Roodepoort,Gauteng,South Africa
CP-2340,Christine Phan,Corporate,Rabat,Rabat-Salé-Zemmour-Zaer,Morocco
NS-18640,Noel Staavos,Corporate,Christchurch,Canterbury,New Zealand
TR-21325,Toby Ritter,Consumer,José Bonifácio,Săo Paulo,Brazil
NF-8385,Natalie Fritzler,Consumer,Lusaka,Lusaka,Zambia
TZ-21580,Tracy Zic,Consumer,Leeds,England,United Kingdom
TB-11055,Ted Butterfield,Consumer,Basra,Al Basrah,Iraq
AJ-10795,Anthony Johnson,Corporate,Apple Valley,California,United States
GH-14485,Gene Hale,Corporate,Richardson,Texas,United States
AG-10300,Aleksandra Gannaway,Corporate,Auckland,Auckland,New Zealand
EH-3945,Eric Hoffmann,Consumer,Cape Town,Western Cape,South Africa
JD-6150,Justin Deggeller,Corporate,Cape Town,Western Cape,South Africa
KH-16360,Katherine Hughes,Consumer,Louisville,Kentucky,United States
JB-6045,Julia Barnett,Home Office,Kharkiv,Kharkiv,Ukraine
AH-585,Angele Hood,Consumer,Mashhad,Razavi Khorasan,Iran
MS-7530,MaryBeth Skach,Consumer,Antananarivo,Analamanga,Madagascar
HA-14905,Helen Abelman,Consumer,Manila,National Capital,Philippines
JG-15310,Jason Gross,Corporate,Denpasar,Bali,Indonesia
CD-1920,Carlos Daly,Consumer,Mabopane,Gauteng,South Africa
TC-21535,Tracy Collins,Home Office,Alice Springs,Northern Territory,Australia
PB-9105,Peter Bühler,Consumer,Ufa,Bashkortostan,Russia
AR-10405,Allen Rosenblatt,Corporate,Franklin,Massachusetts,United States
NK-18490,Neil Knudson,Home Office,Brisbane,Queensland,Australia
MG-7695,Maureen Gnade,Consumer,Mecca,Makkah,Saudi Arabia
AJ-10945,Ashley Jarboe,Consumer,Reynosa,Tamaulipas,Mexico
RS-19420,Ricardo Sperren,Corporate,Seattle,Washington,United States
SC-20770,Stewart Carmichael,Corporate,Philadelphia,Pennsylvania,United States
LM-17065,Liz MacKendrick,Consumer,Jiaozuo,Henan,China
DP-13000,Darren Powers,Consumer,Kuala Lumpur,Kuala Lumpur,Malaysia
RD-9660,Robert Dilbeck,Home Office,Al Mahallah al Kubra,Al Gharbiyah,Egypt
LB-16735,Larry Blacks,Consumer,Santo Domingo,Santo Domingo,Dominican Republic
MZ-17515,Mary Zewe,Corporate,Landskrona,Skĺne,Sweden
ER-3855,Elpida Rittenbach,Corporate,Budapest,Budapest,Hungary
MS-17710,Maurice Satty,Consumer,Bath,England,United Kingdom
LC-6960,Lindsay Castell,Home Office,Lome,Maritime,Togo
GZ-14545,George Zrebassa,Corporate,Palaiseau,Ile-de-France,France
JK-5625,Jim Karlsson,Consumer,Kinshasa,Kinshasa,Democratic Republic of the Congo
JJ-15760,Joel Jenkins,Home Office,Montreuil,Ile-de-France,France
CA-2265,Christina Anderson,Consumer,Sofia,Sofiya-Grad,Bulgaria
CC-2220,Chris Cortes,Consumer,Toronto,Ontario,Canada
KL-6555,Kelly Lampkin,Corporate,Hurghada,Al Bahr Al Ahmar,Egypt
CS-2175,Charles Sheldon,Corporate,Arusha,Arusha,Tanzania
KL-16555,Kelly Lampkin,Corporate,Greensboro,North Carolina,United States
RD-9810,Ross DeVincentis,Home Office,Nouakchott,Nouakchott,Mauritania
AJ-945,Ashley Jarboe,Consumer,Saint-Louis,Saint-Louis,Senegal
CC-2685,Craig Carroll,Consumer,George,Western Cape,South Africa
LO-17170,Lori Olson,Corporate,Sindelfingen,Baden-Württemberg,Germany
DE-13255,Deanra Eno,Home Office,Villa Nueva,Guatemala,Guatemala
RF-9345,Randy Ferguson,Corporate,Riyadh,Ar Riyad,Saudi Arabia
SC-20020,Sam Craven,Consumer,Douai,Nord-Pas-de-Calais,France
DW-13585,Dorothy Wardle,Corporate,Fukuyama,Hiroshima,Japan
EM-4065,Erin Mull,Consumer,Yaounde,Centre,Cameroon
TD-20995,Tamara Dahlen,Consumer,San Diego,California,United States
BD-11320,Bill Donatelli,Consumer,San Francisco,California,United States
CW-11905,Carl Weiss,Home Office,Glasgow,Scotland,United Kingdom
CK-2325,Christine Kargatis,Home Office,Basra,Al Basrah,Iraq
BP-11095,Bart Pistole,Corporate,Karlstad,Värmland,Sweden
DV-3465,Dianna Vittorini,Consumer,Karbala',Karbala',Iraq
MY-7380,Maribeth Yedwab,Corporate,Riyadh,Ar Riyad,Saudi Arabia
PB-9150,Philip Brown,Consumer,Hrodna,Hrodna,Belarus
AG-10390,Allen Goldenen,Consumer,Wollongong,New South Wales,Australia
KW-16570,Kelly Williams,Consumer,Wigan,England,United Kingdom
JF-5190,Jamie Frazer,Consumer,Beykoz,Istanbul,Turkey
GB-14575,Giulietta Baptist,Consumer,Columbia,South Carolina,United States
MR-7545,Mathew Reese,Home Office,Mbandaka,Equateur,Democratic Republic of the Congo
MO-17950,Michael Oakman,Consumer,Rome,Lazio,Italy
TA-11385,Tom Ashbrook,Home Office,Lusaka,Lusaka,Zambia
JM-5655,Jim Mitchum,Corporate,Nzerekore,Nzérékoré,Guinea
JS-5880,John Stevenson,Consumer,Zaria,Kaduna,Nigeria
HP-14815,Harold Pawlan,Home Office,New York City,New York,United States
CS-12400,Christopher Schild,Home Office,Bogotá,Bogota,Colombia
DE-3255,Deanra Eno,Home Office,Shumen,Shumen,Bulgaria
JD-6015,Joy Daniels,Consumer,Kaduna,Kaduna,Nigeria
CR-2730,Craig Reiter,Consumer,Cairo,Al Qahirah,Egypt
RC-9960,Ryan Crowe,Consumer,Oran,Oran,Algeria
AO-10810,Anthony O'Donnell,Corporate,Doncaster,England,United Kingdom
TB-11250,Tim Brockman,Consumer,Kigali,Kigali,Rwanda
RA-9285,Ralph Arnett,Consumer,Adana,Adana,Turkey
MG-8205,Mitch Gastineau,Corporate,Cape Town,Western Cape,South Africa
MY-8295,Muhammed Yedwab,Corporate,Al Mahallah al Kubra,Al Gharbiyah,Egypt
SR-20425,Sharelle Roach,Home Office,Augsburg,Bavaria,Germany
BT-1530,Bradley Talbott,Home Office,North York,Ontario,Canada
LS-7245,Lynn Smith,Consumer,Atakpame,Plateaux,Togo
AB-10255,Alejandro Ballentine,Home Office,Hanoi,Th? Dô Hŕ N?i,Vietnam
TH-21115,Thea Hudgings,Corporate,Kuala Lumpur,Kuala Lumpur,Malaysia
LC-6885,Lena Creighton,Consumer,Kinshasa,Kinshasa,Democratic Republic of the Congo
AC-660,Anna Chung,Consumer,Foumban,Ouest,Cameroon
EM-14095,Eudokia Martin,Corporate,Versailles,Ile-de-France,France
BO-11350,Bill Overfelt,Corporate,Bangalore,Karnataka,India
DM-3015,Darrin Martin,Consumer,Borujerd,Lorestan,Iran
DD-13570,Dorothy Dickinson,Consumer,Turin,Piedmont,Italy
KN-16705,Kristina Nunn,Home Office,Sydney,New South Wales,Australia
HM-14980,Henry MacAllister,Consumer,Los Angeles,California,United States
FM-4215,Filia McAdams,Corporate,Casablanca,Grand Casablanca,Morocco
JO-15145,Jack O'Briant,Corporate,Kita-ku,Osaka,Japan
TC-11535,Tracy Collins,Home Office,Likasi,Katanga,Democratic Republic of the Congo
JK-15205,Jamie Kunitz,Consumer,Arlington,Virginia,United States
DA-3450,Dianna Arnett,Home Office,Kinshasa,Kinshasa,Democratic Republic of the Congo
DB-12910,Daniel Byrd,Home Office,Bradford,England,United Kingdom
EH-4005,Erica Hernandez,Home Office,Dakar,Dakar,Senegal
DN-13690,Duane Noonan,Consumer,Ananindeua,Pará,Brazil
AS-10135,Adrian Shami,Home Office,Nagercoil,Tamil Nadu,India
MC-18130,Mike Caudle,Corporate,Comodoro Rivadavia,Chubut,Argentina
MM-18280,Muhammed MacIntyre,Corporate,Bremen,Bremen,Germany
RL-9615,Rob Lucas,Consumer,Riyadh,Ar Riyad,Saudi Arabia
MA-7560,Matt Abelman,Home Office,Mamak,Ankara,Turkey
HG-4845,Harry Greene,Consumer,Zhytomyr,Zhytomyr,Ukraine
PB-8805,Patrick Bzostek,Home Office,Lublin,Lublin,Poland
RW-19630,Rob Williams,Corporate,San Francisco,California,United States
BT-11440,Bobby Trafton,Consumer,Manila,National Capital,Philippines
JC-5385,Jenna Caffey,Consumer,Kerman,Kerman,Iran
HR-4770,Hallie Redmond,Home Office,Jeddah,Makkah,Saudi Arabia
DB-3615,Doug Bickford,Consumer,Lusaka,Lusaka,Zambia
JK-6120,Julie Kriz,Home Office,Gdansk,Pomerania,Poland
SW-20455,Shaun Weien,Consumer,Manukau City,Auckland,New Zealand
GH-4425,Gary Hwang,Consumer,Sale,Rabat-Salé-Zemmour-Zaer,Morocco
GB-4575,Giulietta Baptist,Consumer,Johannesburg,Gauteng,South Africa
PA-19060,Pete Armstrong,Home Office,Halle,Saxony-Anhalt,Germany
CA-2775,Cynthia Arntzen,Consumer,Pretoria,Gauteng,South Africa
CV-12295,Christina VanderZanden,Consumer,Santo Domingo,Santo Domingo,Dominican Republic
PO-9180,Philisse Overcash,Home Office,Kaduna,Kaduna,Nigeria
NC-18535,Nick Crebassa,Corporate,Monterrey,Nuevo León,Mexico
GZ-4470,Gary Zandusky,Consumer,Lubumbashi,Katanga,Democratic Republic of the Congo
AM-360,Alice McCarthy,Corporate,Ulan Bator,Ulaanbaatar,Mongolia
AA-480,Andrew Allen,Consumer,Toronto,Ontario,Canada
TB-21595,Troy Blackwell,Consumer,Madrid,Madrid,Spain
KH-16630,Ken Heidel,Corporate,Dresden,Saxony,Germany
TS-21655,Trudy Schmidt,Consumer,El Paso,Texas,United States
CD-11980,Carol Darley,Consumer,Tours,Centre,France
DB-13360,Dennis Bolton,Home Office,Araçatuba,Săo Paulo,Brazil
SK-9990,Sally Knutson,Consumer,Vienna,Vienna,Austria
PT-19090,Pete Takahito,Consumer,Aschaffenburg,Bavaria,Germany
EH-13990,Erica Hackney,Consumer,Pune,Maharashtra,India
ME-17725,Max Engle,Consumer,Dallas,Texas,United States
ZD-21925,Zuschuss Donatelli,Consumer,Madero,Tamaulipas,Mexico
MW-8235,Mitch Willingham,Corporate,Kramators'k,Donetsk,Ukraine
BP-11050,Barry Pond,Corporate,London,England,United Kingdom
RC-19960,Ryan Crowe,Consumer,Ashford,England,United Kingdom
PN-8775,Parhena Norris,Home Office,Bouake,Vallee Du Bandama,Cote d'Ivoire
CB-12535,Claudia Bergmann,Corporate,Foggia,Apulia,Italy
LR-7035,Lisa Ryan,Corporate,Antananarivo,Analamanga,Madagascar
JG-5160,James Galang,Consumer,Kazerun,Fars,Iran
SC-10845,Sung Chung,Consumer,Nouakchott,Nouakchott,Mauritania
DK-13225,Dean Katz,Corporate,New York City,New York,United States
CG-2520,Claire Gute,Consumer,Buzau,Buzau,Romania
RS-19870,Roy Skaria,Home Office,Landerneau,Brittany,France
DK-2835,Damala Kotsonis,Corporate,Saida,Saida,Algeria
CM-2385,Christopher Martinez,Consumer,Quelimane,Zambezia,Mozambique
JE-5745,Joel Eaton,Consumer,Prague,Prague,Czech Republic
CA-1965,Carol Adams,Corporate,Ploiesti,Prahova,Romania
Dl-3600,Dorris liebe,Corporate,Baghdad,Baghdad,Iraq
DL-2865,Dan Lawera,Consumer,Kassala,Kassala,Sudan
CM-2445,Chuck Magee,Consumer,Hradec Kralove,Hradec Kralove,Czech Republic
DB-13270,Deborah Brumfield,Home Office,Providence,Rhode Island,United States
EB-4110,Eugene Barchas,Consumer,Bamako,Bamako,Mali
BD-11620,Brian DeCherney,Consumer,Fuengirola,Andalusía,Spain
MN-7935,Michael Nguyen,Consumer,Kopeysk,Chelyabinsk,Russia
DB-2910,Daniel Byrd,Home Office,Ndola,Copperbelt,Zambia
LH-7155,Logan Haushalter,Consumer,Sumy,Sumy,Ukraine
JS-5940,Joni Sundaresam,Home Office,Riyadh,Ar Riyad,Saudi Arabia
GH-4410,Gary Hansen,Home Office,Safi,Doukkala-Abda,Morocco
SC-10380,Shahid Collister,Consumer,Mahajanga,Boeny,Madagascar
SL-10155,Sara Luxemburg,Home Office,Bouake,Vallee Du Bandama,Cote d'Ivoire
EK-3795,Eileen Kiefer,Home Office,Dayr az Zawr,Dayr Az Zawr,Syria
PH-8790,Patricia Hirasaki,Home Office,Irkutsk,Irkutsk,Russia
HD-4785,Harold Dahlen,Home Office,Cape Town,Western Cape,South Africa
CM-2190,Charlotte Melton,Consumer,Nouakchott,Nouakchott,Mauritania
AR-570,Anemone Ratner,Consumer,Shiraz,Fars,Iran
BT-1305,Beth Thompson,Home Office,Severodvinsk,Arkhangel'sk,Russia
MH-7785,Maya Herman,Corporate,Soweto,Gauteng,South Africa
SC-10260,Scott Cohen,Corporate,Khorramabad,Lorestan,Iran
LW-7125,Liz Willingham,Consumer,Mombasa,Coast,Kenya
SM-10905,Susan MacKendrick,Consumer,Koidu,Eastern,Sierra Leone
TT-21265,Tim Taslimi,Corporate,Suihua,Heilongjiang,China
EJ-3720,Ed Jacobs,Consumer,Behbahan,Khuzestan,Iran
RS-9765,Roland Schwarz,Corporate,Accra,Greater Accra,Ghana
EM-4095,Eudokia Martin,Corporate,Oradea,Bihor,Romania
AJ-10960,Astrea Jones,Consumer,Paris,Ile-de-France,France
BD-1770,Bryan Davis,Consumer,Trabzon,Trabzon,Turkey
BE-1410,Bobby Elias,Consumer,Kindia,Kindia,Guinea
KC-6255,Karen Carlisle,Corporate,Tanta,Al Gharbiyah,Egypt
DV-3045,Darrin Van Huff,Corporate,Oleksandriya,Kirovohrad,Ukraine
JD-5895,Jonathan Doherty,Corporate,Mississauga,Ontario,Canada
JM-5865,John Murray,Consumer,L'viv,L'viv,Ukraine
JK-5205,Jamie Kunitz,Consumer,Porto-Novo,Ouémé,Benin
CL-2700,Craig Leslie,Home Office,Abidjan,Lagunes,Cote d'Ivoire
GG-4650,Greg Guthrie,Corporate,Ivanovo,Ivanovo,Russia
LS-6945,Linda Southworth,Corporate,Alexandria,Al Iskandariyah,Egypt
JL-5850,John Lucas,Consumer,Denizli,Denizli,Turkey
VP-11760,Victoria Pisteka,Corporate,Kaluga,Kaluga,Russia
NF-8595,Nicole Fjeld,Home Office,Algiers,Alger,Algeria
LE-16810,Laurel Elliston,Consumer,Hobart,Tasmania,Australia
JJ-5445,Jennifer Jackson,Consumer,Accra,Greater Accra,Ghana
CS-2130,Chad Sievert,Consumer,Istanbul,Istanbul,Turkey
BM-1575,Brendan Murry,Corporate,Nouakchott,Nouakchott,Mauritania
AC-615,Ann Chong,Corporate,Nairobi,Nairobi,Kenya
HG-5025,Hunter Glantz,Consumer,Alexandria,Al Iskandariyah,Egypt
TB-11400,Tom Boeckenhauer,Consumer,Kankan,Kankan,Guinea
RB-9330,Randy Bradley,Consumer,Casablanca,Grand Casablanca,Morocco
JP-5460,Jennifer Patt,Corporate,Mashhad,Razavi Khorasan,Iran
JL-5175,James Lanier,Home Office,Pretoria,Gauteng,South Africa
AA-315,Alex Avila,Consumer,Hrodna,Hrodna,Belarus
TS-11370,Todd Sumrall,Corporate,Melitopol',Zaporizhzhya,Ukraine
SS-10140,Saphhira Shifley,Corporate,Baghdad,Baghdad,Iraq
DP-3000,Darren Powers,Consumer,Kaluga,Kaluga,Russia
JS-5685,Jim Sink,Corporate,Ashqelon,Southern,Israel
PW-19240,Pierre Wener,Consumer,Columbia,Maryland,United States
NW-8400,Natalie Webber,Consumer,Sarajevo,Federation of Bosnia and Herzegovina,Bosnia and Herzegovina
TS-11340,Toby Swindell,Consumer,Bissau,Bissau,Guinea-Bissau
JH-5985,Joseph Holt,Consumer,Luanda,Luanda,Angola
NG-8355,Nat Gilpin,Corporate,Monrovia,Montserrado,Liberia
FP-14320,Frank Preis,Consumer,Brisbane,Queensland,Australia
SH-20395,Shahid Hopkins,Consumer,Antiguo Cuscatlán,La Libertad,El Salvador
JP-16135,Julie Prescott,Home Office,Coacalco,México,Mexico
JM-5250,Janet Martin,Consumer,Kaduna,Kaduna,Nigeria
MA-7995,Michelle Arnett,Home Office,Luanda,Luanda,Angola
DR-2940,Daniel Raglin,Home Office,Beira,Sofala,Mozambique
BF-1020,Barry Französisch,Corporate,Yamoussoukro,Lacs,Cote d'Ivoire
CS-2400,Christopher Schild,Home Office,Djibouti,Djibouti,Djibouti
JM-15535,Jessica Myrick,Consumer,Saga,Saga,Japan
JS-15940,Joni Sundaresam,Home Office,Amsterdam,North Holland,Netherlands
AF-870,Art Ferguson,Consumer,Mashhad,Razavi Khorasan,Iran
NP-8670,Nora Paige,Consumer,Johannesburg,Gauteng,South Africa
SU-10665,Stephanie Ulpright,Home Office,Nakuru,Rift Valley,Kenya
RD-9585,Rob Dowd,Consumer,Khartoum,Khartoum,Sudan
TP-21565,Tracy Poddar,Corporate,Farnborough,England,United Kingdom
LA-6780,Laura Armstrong,Corporate,Lugoj,Timis,Romania
LH-7020,Lisa Hazard,Consumer,Kinshasa,Kinshasa,Democratic Republic of the Congo
JE-5475,Jeremy Ellison,Consumer,Khmel'nyts'kyy,Khmel'nyts'kyy,Ukraine
ES-4080,Erin Smith,Corporate,Rabat,Rabat-Salé-Zemmour-Zaer,Morocco
EM-4140,Eugene Moren,Home Office,Masjed Soleyman,Khuzestan,Iran
DS-13030,Darrin Sayre,Home Office,Managua,Managua,Nicaragua
ZD-11925,Zuschuss Donatelli,Consumer,Arbil,Arbil,Iraq
JO-5550,Jesus Ocampo,Home Office,Arbil,Arbil,Iraq
TB-11595,Troy Blackwell,Consumer,Chelyabinsk,Chelyabinsk,Russia
GM-4500,Gene McClure,Consumer,Benguela,Benguela,Angola
DD-3570,Dorothy Dickinson,Consumer,Pietermaritzburg,Kwazulu-natal,South Africa
FH-4365,Fred Hopkins,Corporate,Medina,Al Madinah,Saudi Arabia
MK-18160,Mike Kennedy,Consumer,Mangalore,Karnataka,India
NM-8445,Nathan Mautz,Home Office,Constanta,Constanta,Romania
JF-5355,Jay Fein,Consumer,Rafsanjan,Kerman,Iran
BF-975,Barbara Fisher,Corporate,Kigali,Kigali,Rwanda
SS-20875,Sung Shariari,Consumer,Kendari,Sulawesi Tenggara,Indonesia
PF-9165,Philip Fox,Consumer,Cotonou,Littoral,Benin
SV-10365,Seth Vernon,Consumer,Riyadh,Ar Riyad,Saudi Arabia
BB-10990,Barry Blumstein,Corporate,Santo Domingo,Santo Domingo,Dominican Republic
PW-9240,Pierre Wener,Consumer,Alexandria,Al Iskandariyah,Egypt
JF-15490,Jeremy Farry,Consumer,Brisbane,Queensland,Australia
CW-1905,Carl Weiss,Home Office,Beirut,Beirut,Lebanon
LC-7140,Logan Currie,Consumer,Surrey,British Columbia,Canada
HK-4890,Heather Kirkland,Corporate,Kryvyy Rih,Dnipropetrovs'k,Ukraine
BT-1440,Bobby Trafton,Consumer,Istanbul,Istanbul,Turkey
RD-19810,Ross DeVincentis,Home Office,Managua,Managua,Nicaragua
KL-6645,Ken Lonsdale,Consumer,Lagos,Lagos,Nigeria
VG-11805,Vivek Grady,Corporate,Jeddah,Makkah,Saudi Arabia
PF-9225,Phillip Flathmann,Consumer,Lodz,Lodz,Poland
AB-15,Aaron Bergman,Consumer,Mufulira,Copperbelt,Zambia
LW-6990,Lindsay Williams,Corporate,Mosul,Ninawa,Iraq
PS-8970,Paul Stevenson,Home Office,Sibiu,Sibiu,Romania
LW-17125,Liz Willingham,Consumer,Virginia Beach,Virginia,United States
MC-7590,Matt Collister,Corporate,Rabat,Rabat-Salé-Zemmour-Zaer,Morocco
JO-15550,Jesus Ocampo,Home Office,Tijuana,Baja California,Mexico
SJ-10125,Sanjit Jacobs,Home Office,Cairo,Al Qahirah,Egypt
SS-20515,Shirley Schmidt,Home Office,Jayapura,Papua,Indonesia
RB-19645,Robert Barroso,Corporate,Torrevieja,Valenciana,Spain
BP-1050,Barry Pond,Corporate,Abidjan,Lagunes,Cote d'Ivoire
PG-8895,Paul Gonzalez,Consumer,Yaroslavl',Yaroslavl',Russia
RM-19750,Roland Murray,Consumer,Novo Gama,Goiás,Brazil
KM-6225,Kalyca Meade,Corporate,Zagreb,Grad Zagreb,Croatia
AH-120,Adrian Hane,Home Office,Johannesburg,Gauteng,South Africa
BM-1785,Bryan Mills,Consumer,Guelma,Guelma,Algeria
NR-8550,Nick Radford,Consumer,Jeddah,Makkah,Saudi Arabia
EB-14170,Evan Bailliet,Consumer,Milan,Lombardy,Italy
PB-19150,Philip Brown,Consumer,Buenos Aires,Buenos Aires,Argentina
TP-11130,Theone Pippenger,Consumer,Gdynia,Pomerania,Poland
KN-6450,Kean Nguyen,Corporate,Kumasi,Ashanti,Ghana
RD-9720,Roger Demir,Consumer,Aswan,Aswan,Egypt
RS-9870,Roy Skaria,Home Office,Johannesburg,Gauteng,South Africa
EB-3840,Ellis Ballard,Corporate,Vancouver,British Columbia,Canada
TC-21475,Tony Chapman,Home Office,Columbus,Georgia,United States
BH-1710,Brosina Hoffman,Consumer,Chelyabinsk,Chelyabinsk,Russia
MH-7620,Matt Hagelstein,Corporate,Constanta,Constanta,Romania
PT-9090,Pete Takahito,Consumer,Bingol,Bingol,Turkey
DC-2850,Dan Campbell,Consumer,Oshawa,Ontario,Canada
AG-900,Arthur Gainer,Consumer,Dar es Salaam,Dar Es Salaam,Tanzania
DC-12850,Dan Campbell,Consumer,Kwinana,Western Australia,Australia
JF-5565,Jill Fjeld,Consumer,Kinshasa,Kinshasa,Democratic Republic of the Congo
SR-10740,Steven Roelle,Home Office,Sari,Mazandaran,Iran
MK-7905,Michael Kennedy,Corporate,Gdynia,Pomerania,Poland
JK-5370,Jay Kimmel,Consumer,Sohag,Suhaj,Egypt
GM-4680,Greg Matthias,Consumer,Bishkek,Bishkek,Kyrgyzstan
PC-9000,Pauline Chand,Home Office,Thika,Central,Kenya
DL-3315,Delfina Latchford,Consumer,Makhachkala,Dagestan,Russia
JL-5235,Janet Lee,Consumer,Laval,Quebec,Canada
BB-990,Barry Blumstein,Corporate,Bur Sudan,Red Sea,Sudan
RP-9390,Resi Pölking,Consumer,Dakar,Dakar,Senegal
ES-4020,Erica Smith,Consumer,London,Ontario,Canada
MH-7455,Mark Hamilton,Consumer,Rybnik,Silesia,Poland
JD-5790,John Dryer,Consumer,Iringa,Iringa,Tanzania
DB-3270,Deborah Brumfield,Home Office,Annaba,Annaba,Algeria
PK-9075,Pete Kriz,Consumer,Istanbul,Istanbul,Turkey
NM-8520,Neoma Murray,Consumer,Termez,Surxondaryo,Uzbekistan
MO-7500,Mary O'Rourke,Consumer,Pretoria,Gauteng,South Africa
SG-10890,Susan Gilcrest,Corporate,Baku,Baki,Azerbaijan
MF-8250,Monica Federle,Corporate,Dnipropetrovs'k,Dnipropetrovs'k,Ukraine
JG-5310,Jason Gross,Corporate,Ulan Bator,Ulaanbaatar,Mongolia
YS-11880,Yana Sorensen,Corporate,Riyadh,Ar Riyad,Saudi Arabia
FC-4245,Frank Carlisle,Home Office,Juba,Central Equatoria,South Sudan
BW-1110,Bart Watters,Corporate,Khmel'nyts'kyy,Khmel'nyts'kyy,Ukraine
BS-1590,Brendan Sweed,Corporate,Zagreb,Grad Zagreb,Croatia
CS-2460,Chuck Sachs,Consumer,Wad Madani,Gezira,Sudan
MH-7290,Marc Harrigan,Home Office,Antananarivo,Analamanga,Madagascar
KE-6420,Katrina Edelman,Corporate,Matola,Maputo,Mozambique
AJ-780,Anthony Jacobs,Corporate,Shahriar,Tehran,Iran
MM-7920,Michael Moore,Consumer,Cairo,Al Qahirah,Egypt
ML-8265,Muhammed Lee,Consumer,Libreville,Estuaire,Gabon
RR-9315,Ralph Ritter,Consumer,Opole,Opole,Poland
JF-5490,Jeremy Farry,Consumer,Safi,Doukkala-Abda,Morocco
AG-765,Anthony Garverick,Home Office,Vienna,Vienna,Austria
DS-3030,Darrin Sayre,Home Office,Homyel',Homyel',Belarus
AH-75,Adam Hart,Corporate,Port Elizabeth,Eastern Cape,South Africa
NB-18580,Nicole Brennan,Corporate,Phnom Penh,Phnom Penh,Cambodia
KD-6270,Karen Daniels,Consumer,Izmir,Izmir,Turkey
MJ-7740,Max Jones,Consumer,Abidjan,Lagunes,Cote d'Ivoire
DM-3525,Don Miller,Corporate,Winnipeg,Manitoba,Canada
GH-4665,Greg Hansen,Consumer,Bacau,Bacau,Romania
RM-9675,Robert Marley,Home Office,Uskudar,Istanbul,Turkey
TS-11610,Troy Staebel,Consumer,Zanjan,Zanjan,Iran
PR-8880,Patrick Ryan,Consumer,Calabar,Cross River,Nigeria
HP-4815,Harold Pawlan,Home Office,Kinshasa,Kinshasa,Democratic Republic of the Congo
EC-4050,Erin Creighton,Consumer,Maradi,Maradi,Niger
BF-1005,Barry Franz,Home Office,Niamey,Niamey,Niger
SC-10050,Sample Company A,Home Office,Misratah,Misratah,Libya
DM-3345,Denise Monton,Corporate,Mardin,Mardin,Turkey
CD-2280,Christina DeMoss,Consumer,L'viv,L'viv,Ukraine
BP-1095,Bart Pistole,Corporate,Al Hillah,Babil,Iraq
TC-11475,Tony Chapman,Home Office,Ottawa,Ontario,Canada
DW-3540,Don Weiss,Consumer,Taizz,Ta'izz,Yemen
BE-1455,Brad Eason,Home Office,Huambo,Huambo,Angola
AH-195,Alan Haines,Corporate,Mashhad,Razavi Khorasan,Iran
DO-3645,Doug O'Connell,Consumer,Calgary,Alberta,Canada
CA-2055,Cathy Armstrong,Home Office,Whitby,Ontario,Canada
LP-7080,Liz Pelletier,Consumer,Foumban,Ouest,Cameroon
BN-1515,Bradley Nguyen,Consumer,Sanandaj,Kordestan,Iran
NK-8490,Neil Knudson,Home Office,Rabat,Rabat-Salé-Zemmour-Zaer,Morocco
AR-510,Andrew Roberts,Consumer,Izmir,Izmir,Turkey
VM-11835,Vivian Mathis,Consumer,Cairo,Al Qahirah,Egypt
TH-11115,Thea Hudgings,Corporate,Cape Town,Western Cape,South Africa
AB-165,Alan Barnes,Consumer,Hamilton,Ontario,Canada
LB-6735,Larry Blacks,Consumer,Ruda Slaska,Silesia,Poland
GA-4515,George Ashbrook,Consumer,Shkoder,Shkodër,Albania
DJ-3630,Doug Jacobs,Consumer,Cairo,Al Qahirah,Egypt
LT-6765,Larry Tron,Consumer,Durban,Kwazulu-natal,South Africa
SG-10080,Sandra Glassco,Consumer,Dar es Salaam,Dar Es Salaam,Tanzania
TB-11175,Thomas Boland,Corporate,Shinyanga,Shinyanga,Tanzania
AP-915,Arthur Prichep,Consumer,Chisinau,Chisinau,Moldova
ON-8715,Odella Nelson,Corporate,Batman,Batman,Turkey
SB-10290,Sean Braxton,Corporate,Medina,Al Madinah,Saudi Arabia
AJ-795,Anthony Johnson,Corporate,Khartoum,Khartoum,Sudan
TP-11565,Tracy Poddar,Corporate,Targu Jiu,Gorj,Romania
ML-8040,Michelle Lonsdale,Corporate,Abidjan,Lagunes,Cote d'Ivoire
LC-6870,Lena Cacioppo,Consumer,Chelyabinsk,Chelyabinsk,Russia
AB-105,Adrian Barton,Consumer,Vinnytsya,Vinnytsya,Ukraine
AW-840,Anthony Witt,Consumer,Timisoara,Timis,Romania
JO-5280,Jas O'Carroll,Consumer,Varna,Varna,Bulgaria
ME-7320,Maria Etezadi,Home Office,Casablanca,Grand Casablanca,Morocco
SW-10455,Shaun Weien,Consumer,Uvinza,Kigoma,Tanzania
LP-7095,Liz Preis,Consumer,Takestan,Qazvin,Iran
DW-3195,David Wiener,Corporate,Baghdad,Baghdad,Iraq
SC-10770,Stewart Carmichael,Corporate,Basra,Al Basrah,Iraq
HE-4800,Harold Engle,Corporate,Bistrita,Bistrita-Nasaud,Romania
DL-3495,Dionis Lloyd,Corporate,Benin City,Edo,Nigeria
EJ-4155,Eva Jacobs,Consumer,Jeddah,Makkah,Saudi Arabia
JH-6180,Justin Hirsh,Consumer,Dakar,Dakar,Senegal
DK-3150,David Kendrick,Corporate,Kherson,Kherson,Ukraine
XP-11865,Xylona Preis,Consumer,Kirovohrad,Kirovohrad,Ukraine
KT-6480,Kean Thornton,Consumer,Mahajanga,Boeny,Madagascar
MB-8085,Mick Brown,Consumer,Budapest,Budapest,Hungary
AR-345,Alex Russell,Corporate,Chingola,Copperbelt,Zambia
BD-1320,Bill Donatelli,Consumer,Kerman,Kerman,Iran
DP-3165,David Philippe,Consumer,Man,Dix-Huit Montagnes,Cote d'Ivoire
KD-6495,Keith Dawkins,Corporate,Djougou,Donga,Benin
CK-2595,Clytie Kelty,Consumer,Hamadan,Hamadan,Iran
SB-10170,Sarah Bern,Consumer,Batna,Batna,Algeria
JJ-5760,Joel Jenkins,Home Office,Tabuk,Tabuk,Saudi Arabia
GH-4485,Gene Hale,Corporate,Regina,Saskatchewan,Canada
DB-3555,Dorothy Badders,Corporate,Jeddah,Makkah,Saudi Arabia
LB-6795,Laurel Beltran,Home Office,Vienna,Vienna,Austria
KT-6465,Kean Takahito,Consumer,Mykolayiv,Mykolayiv,Ukraine
GA-4725,Guy Armstrong,Consumer,Wadi as Sir,'Amman,Jordan
DK-3090,Dave Kipp,Consumer,Ufa,Bashkortostan,Russia
SS-10590,Sonia Sunley,Consumer,Kumasi,Ashanti,Ghana
SD-10485,Shirley Daniels,Home Office,Sale,Rabat-Salé-Zemmour-Zaer,Morocco
TS-21085,Thais Sissman,Consumer,Tegucigalpa,Francisco Morazán,Honduras
RA-9945,Ryan Akin,Consumer,Kano,Kano,Nigeria
JO-5145,Jack O'Briant,Corporate,Antananarivo,Analamanga,Madagascar
LW-7215,Luke Weiss,Consumer,Casablanca,Grand Casablanca,Morocco
RB-9645,Robert Barroso,Corporate,Barika,Batna,Algeria
MV-7485,Mark Van Huff,Consumer,Ndola,Copperbelt,Zambia
BW-1200,Ben Wallace,Consumer,Khartoum,Khartoum,Sudan
CC-2610,Corey Catlett,Corporate,Myslowice,Silesia,Poland
BD-1560,Brendan Dodson,Home Office,Prague,Prague,Czech Republic
CS-2505,Cindy Stewart,Consumer,Quelimane,Zambezia,Mozambique
VT-11700,Valerie Takahito,Home Office,Burgas,Burgas,Bulgaria
MC-7845,Michael Chen,Consumer,Katowice,Silesia,Poland
KH-6690,Kristen Hastings,Corporate,Kharkiv,Kharkiv,Ukraine
VS-11820,Vivek Sundaresam,Consumer,Zlatoust,Chelyabinsk,Russia
NF-8475,Neil Französisch,Home Office,Bissau,Bissau,Guinea-Bissau
TB-11190,Thomas Brumley,Home Office,Baghdad,Baghdad,Iraq
TS-11205,Thomas Seio,Corporate,Ndola,Copperbelt,Zambia
TD-10995,Tamara Dahlen,Consumer,Izmir,Izmir,Turkey
EB-3750,Edward Becker,Corporate,Sarajevo,Federation of Bosnia and Herzegovina,Bosnia and Herzegovina
AH-690,Anna Häberlin,Corporate,Cairo,Al Qahirah,Egypt
TB-11280,Toby Braunhardt,Consumer,Bamako,Bamako,Mali
AM-705,Anne McFarland,Consumer,Mazyr,Homyel',Belarus
BD-1620,Brian DeCherney,Consumer,Arbil,Arbil,Iraq
KF-6285,Karen Ferguson,Home Office,Bursa,Bursa,Turkey
BE-1335,Bill Eplett,Home Office,Bouake,Vallee Du Bandama,Cote d'Ivoire
HA-4905,Helen Abelman,Consumer,Hamadan,Hamadan,Iran
ND-8370,Natalie DeCherney,Consumer,Timisoara,Timis,Romania
AA-645,Anna Andreadi,Consumer,Algiers,Alger,Algeria
CC-2430,Chuck Clark,Home Office,Quchan,Razavi Khorasan,Iran
PL-8925,Paul Lucas,Home Office,Ahvaz,Khuzestan,Iran
SO-10335,Sean O'Donnell,Consumer,Baghdad,Baghdad,Iraq
AY-555,Andy Yotov,Corporate,Cairo,Al Qahirah,Egypt
JB-6000,Joy Bell-,Consumer,Mecca,Makkah,Saudi Arabia
SN-10560,Skye Norling,Home Office,Toronto,Ontario,Canada
AH-465,Amy Hunt,Consumer,Stellenbosch,Western Cape,South Africa
HW-4935,Helen Wasserman,Corporate,Hrodna,Hrodna,Belarus
MC-7425,Mark Cousins,Corporate,Enugu,Enugu,Nigeria
BT-1680,Brian Thompson,Consumer,Idfu,Aswan,Egypt
MG-7650,Matthew Grinstein,Home Office,Roodepoort,Gauteng,South Africa
CB-2415,Christy Brittain,Consumer,Baghdad,Baghdad,Iraq
CK-2760,Cyma Kinney,Corporate,Thies Nones,Thies,Senegal
AG-330,Alex Grayson,Consumer,Kassala,Kassala,Sudan
MK-8160,Mike Kennedy,Consumer,Cairo,Al Qahirah,Egypt
NC-8625,Noah Childs,Corporate,Nzerekore,Nzérékoré,Guinea
MO-7950,Michael Oakman,Consumer,Fes,Fčs-Boulemane,Morocco
HF-4995,Herbert Flentye,Consumer,Diyarbakir,Diyarbakir,Turkey
SJ-10215,Sarah Jordon,Consumer,K'ut'aisi,Imereti,Georgia
AO-810,Anthony O'Donnell,Corporate,North York,Ontario,Canada
RM-9375,Raymond Messe,Consumer,Vratsa,Vratsa,Bulgaria
MM-8055,Michelle Moray,Consumer,Makhachkala,Dagestan,Russia
DN-3690,Duane Noonan,Consumer,Richmond Hill,Ontario,Canada
EB-3930,Eric Barreto,Consumer,Kryvyy Rih,Dnipropetrovs'k,Ukraine
NH-8610,Nicole Hansen,Corporate,North York,Ontario,Canada
EL-3735,Ed Ludwig,Home Office,Namangan,Namangan,Uzbekistan
PS-8760,Pamela Stobb,Consumer,Kikwit,Bandundu,Democratic Republic of the Congo
ST-10530,Shui Tom,Consumer,Cairo,Al Qahirah,Egypt
RH-9510,Rick Huthwaite,Home Office,Amman,'Amman,Jordan
BD-1605,Brian Dahlen,Consumer,Holon,Tel Aviv,Israel
SC-10440,Shaun Chance,Corporate,Alexandria,Al Iskandariyah,Egypt
CG-2040,Catherine Glotzbach,Home Office,Kartal,Istanbul,Turkey
TG-11310,Toby Gnade,Consumer,Bishkek,Bishkek,Kyrgyzstan
FO-4305,Frank Olsen,Consumer,Chelyabinsk,Chelyabinsk,Russia
CS-1950,Carlos Soltero,Consumer,Tanga,Tanga,Tanzania
LE-6810,Laurel Elliston,Consumer,Riyadh,Ar Riyad,Saudi Arabia
DR-2880,Dan Reichenbach,Corporate,Baku,Baki,Azerbaijan
JR-5700,Jocasta Rupert,Consumer,Kinshasa,Kinshasa,Democratic Republic of the Congo
MS-7710,Maurice Satty,Consumer,Baghdad,Baghdad,Iraq
PM-8940,Paul MacIntyre,Consumer,Rabat,Rabat-Salé-Zemmour-Zaer,Morocco
AZ-750,Annie Zypern,Consumer,Nampula,Nampula,Mozambique
AA-375,Allen Armold,Consumer,Livingstone,Southern,Zambia
FM-4290,Frank Merwin,Home Office,Gdansk,Pomerania,Poland
CR-2820,Cyra Reiten,Home Office,Constantine,Constantine,Algeria
VB-11745,Victoria Brennan,Corporate,Loubomo,Niari,Republic of the Congo
RH-19600,Rob Haberlin,Consumer,Carol Stream,Illinois,United States
KH-6330,Katharine Harms,Corporate,Kharkiv,Kharkiv,Ukraine
ME-7725,Max Engle,Consumer,Osh,Osh,Kyrgyzstan
FA-4230,Frank Atkinson,Corporate,Donets'k,Donetsk,Ukraine
GM-4455,Gary Mitchum,Home Office,Sincan,Ankara,Turkey
KH-6510,Keith Herrera,Consumer,Johannesburg,Gauteng,South Africa
CD-2790,Cynthia Delaney,Home Office,Port Elizabeth,Eastern Cape,South Africa
NB-8580,Nicole Brennan,Corporate,Montréal,Quebec,Canada
CS-2250,Chris Selesnick,Corporate,Benghazi,Banghazi,Libya
SP-10920,Susan Pistek,Consumer,Angarsk,Irkutsk,Russia
TH-11100,Thea Hendricks,Consumer,Sofia,Sofiya-Grad,Bulgaria
DC-3285,Debra Catini,Consumer,Tamale,Northern,Ghana
CM-2655,Corinna Mitchell,Home Office,Plovdiv,Plovdiv,Bulgaria
RF-9735,Roland Fjeld,Consumer,Ahvaz,Khuzestan,Iran
LH-6750,Larry Hughes,Consumer,Kinshasa,Kinshasa,Democratic Republic of the Congo
JM-5265,Janet Molinari,Corporate,Vancouver,British Columbia,Canada
CS-1845,Cari Sayre,Corporate,Esenyurt,Istanbul,Turkey
CS-1860,Cari Schnelling,Consumer,Plovdiv,Plovdiv,Bulgaria
BT-1485,Brad Thomas,Home Office,Riyadh,Ar Riyad,Saudi Arabia
KB-6240,Karen Bern,Corporate,Moshi,Kilimanjaro,Tanzania
KB-6600,Ken Brennan,Corporate,Poltava,Poltava,Ukraine
LS-7230,Lycoris Saunders,Consumer,Niamey,Niamey,Niger
MS-7365,Maribeth Schnelling,Consumer,Kinshasa,Kinshasa,Democratic Republic of the Congo
BG-1740,Bruce Geld,Consumer,Istanbul,Istanbul,Turkey
HJ-4875,Heather Jas,Home Office,Jeddah,Makkah,Saudi Arabia
LR-6915,Lena Radford,Consumer,Turgutlu,Manisa,Turkey
JW-6075,Julia West,Consumer,Marrakech,Marrakech-Tensift-El Haouz,Morocco
DJ-3420,Denny Joy,Corporate,Kinshasa,Kinshasa,Democratic Republic of the Congo
SP-10650,Stephanie Phelps,Corporate,Shiraz,Fars,Iran
VM-21835,Vivian Mathis,Consumer,Friedberg,Hesse,Germany
CM-1815,Candace McMahon,Corporate,Mwanza,Mwanza,Tanzania
MH-8025,Michelle Huthwaite,Consumer,Korhogo,Savanes,Cote d'Ivoire
RD-9480,Rick Duston,Consumer,Meknes,Meknčs-Tafilalet,Morocco
PW-9030,Pauline Webber,Corporate,Osh,Osh,Kyrgyzstan
EB-4170,Evan Bailliet,Consumer,Rabat,Rabat-Salé-Zemmour-Zaer,Morocco
SM-10950,Suzanne McNair,Corporate,Amol,Mazandaran,Iran
NP-8325,Naresj Patel,Consumer,Zabol,Sistan Va Baluchestan,Iran
MP-8175,Mike Pelletier,Home Office,Port Elizabeth,Eastern Cape,South Africa
CM-2160,Charles McCrossin,Consumer,Cairo,Al Qahirah,Egypt
NP-8700,Nora Preis,Consumer,Istanbul,Istanbul,Turkey
BP-1185,Ben Peterman,Corporate,Malatya,Malatya,Turkey
SW-10755,Steven Ward,Corporate,Abidjan,Lagunes,Cote d'Ivoire
AC-450,Amy Cox,Consumer,Newcastle,Kwazulu-natal,South Africa
SE-10110,Sanjit Engle,Consumer,Mbuji-mayi,Kasai-Oriental,Democratic Republic of the Congo
BS-1365,Bill Shonely,Corporate,Accra,Greater Accra,Ghana
RM-9750,Roland Murray,Consumer,Warsaw,Masovia,Poland
BT-1395,Bill Tyler,Corporate,Chitungwiza,Harare,Zimbabwe
BP-1155,Becky Pak,Consumer,Edmonton,Alberta,Canada
GT-4635,Grant Thornton,Corporate,Benghazi,Banghazi,Libya
CM-1935,Carlos Meador,Consumer,Lusaka,Lusaka,Zambia
RE-9405,Ricardo Emerson,Consumer,Ardabil,Ardabil,Iran
KS-6300,Karen Seio,Corporate,Khorramabad,Lorestan,Iran
TS-11160,Theresa Swint,Corporate,Accra,Greater Accra,Ghana
ML-7395,Marina Lichtenstein,Corporate,Vlore,Vlorë,Albania
BF-1170,Ben Ferrer,Home Office,Ndola,Copperbelt,Zambia
NS-8640,Noel Staavos,Corporate,Sanandaj,Kordestan,Iran
RB-9570,Rob Beeghly,Consumer,Algiers,Alger,Algeria
FM-4380,Fred McMath,Consumer,Kokshetau,Aqmola,Kazakhstan
AG-300,Aleksandra Gannaway,Corporate,Lagos,Lagos,Nigeria
SW-10350,Sean Wendt,Home Office,Baghdad,Baghdad,Iraq
JR-6210,Justin Ritter,Corporate,Kinshasa,Kinshasa,Democratic Republic of the Congo
MD-7350,Maribeth Dona,Consumer,Kigali,Kigali,Rwanda
ML-7755,Max Ludwig,Home Office,Soweto,Gauteng,South Africa
HA-4920,Helen Andreada,Consumer,Jerusalem,Jerusalem,Israel
AS-45,Aaron Smayling,Corporate,Cape Town,Western Cape,South Africa
BF-1215,Benjamin Farhat,Home Office,Bulawayo,Bulawayo,Zimbabwe
LH-6900,Lena Hernandez,Consumer,Luanda,Luanda,Angola
DP-3390,Dennis Pardue,Home Office,Johannesburg,Gauteng,South Africa
DH-3075,Dave Hallsten,Corporate,Mombasa,Coast,Kenya
HM-4860,Harry Marie,Corporate,Oradea,Bihor,Romania
SB-10185,Sarah Brown,Consumer,Safi,Doukkala-Abda,Morocco
RF-9840,Roy Französisch,Consumer,Qarshi,Qashqadaryo,Uzbekistan
SV-10935,Susan Vittorini,Consumer,Tangerang,Jawa Barat,Indonesia
CS-2355,Christine Sundaresam,Consumer,Pretoria,Gauteng,South Africa
GM-4695,Greg Maxwell,Corporate,Sale,Rabat-Salé-Zemmour-Zaer,Morocco
AT-435,Alyssa Tate,Home Office,Dire Dawa,Dire Dawa,Ethiopia
MC-8130,Mike Caudle,Corporate,Baghdad,Baghdad,Iraq
FP-4320,Frank Preis,Consumer,Termez,Surxondaryo,Uzbekistan
DK-3225,Dean Katz,Corporate,Medina,Al Madinah,Saudi Arabia
VG-11790,Vivek Gonzalez,Consumer,Kinshasa,Kinshasa,Democratic Republic of the Congo
LF-7185,Luke Foster,Consumer,Lubumbashi,Katanga,Democratic Republic of the Congo
NC-8535,Nick Crebassa,Corporate,Kinshasa,Kinshasa,Democratic Republic of the Congo
DB-3405,Denny Blanton,Consumer,Drobeta-Turnu Severin,Mehedinti,Romania
MH-8115,Mick Hernandez,Home Office,Bo,Southern,Sierra Leone
SA-10830,Sue Ann Reed,Consumer,Bandirma,Balikesir,Turkey
JK-5640,Jim Kriz,Home Office,Kryvyy Rih,Dnipropetrovs'k,Ukraine
VF-11715,Vicky Freymann,Home Office,Kananga,Kasai-Occidental,Democratic Republic of the Congo
VW-11775,Victoria Wilson,Corporate,Prague,Prague,Czech Republic
SN-10710,Steve Nguyen,Home Office,Vienna,Vienna,Austria
MS-7980,Michael Stewart,Corporate,Voronezh,Voronezh,Russia
AD-180,Alan Dominguez,Home Office,Elazig,Elazig,Turkey
MC-8100,Mick Crebagga,Consumer,Khorramabad,Lorestan,Iran
JB-5925,Joni Blumstein,Consumer,Shkoder,Shkodër,Albania
JC-5340,Jasper Cacioppo,Consumer,Niamey,Niamey,Niger
MF-7665,Maureen Fritzler,Corporate,Kerman,Kerman,Iran
RP-9270,Rachel Payne,Corporate,Bishkek,Bishkek,Kyrgyzstan
PF-9120,Peter Fuller,Consumer,Vienna,Vienna,Austria
DK-2895,Dana Kaydos,Consumer,Sale,Rabat-Salé-Zemmour-Zaer,Morocco
RW-9630,Rob Williams,Corporate,Natitingou,Atakora,Benin
TM-11490,Tony Molinari,Consumer,Jeddah,Makkah,Saudi Arabia
Co-2640,Corey-Lock,Consumer,Agadir,Souss-Massa-Draâ,Morocco
EM-3810,Eleni McCrary,Corporate,Nizhyn,Chernihiv,Ukraine
JK-6090,Juliana Krohn,Consumer,Lagos,Lagos,Nigeria
JH-5430,Jennifer Halladay,Consumer,Cairo,Al Qahirah,Egypt
AR-405,Allen Rosenblatt,Corporate,Dnipropetrovs'k,Dnipropetrovs'k,Ukraine
TZ-11580,Tracy Zic,Consumer,Ashgabat,Ashgabat,Turkmenistan
BG-1035,Barry Gonzalez,Consumer,Panevezys,Panevezys,Lithuania
PS-9045,Penelope Sewall,Home Office,Prague,Prague,Czech Republic
MS-7770,Maxwell Schwartz,Consumer,Andijon,Andijan,Uzbekistan
SS-10875,Sung Shariari,Consumer,Lagos,Lagos,Nigeria
DB-2970,Darren Budd,Corporate,Bertoua,Est,Cameroon
SS-10515,Shirley Schmidt,Home Office,Ad Diwem,White Nile,Sudan
AW-930,Arthur Wiediger,Home Office,Arbil,Arbil,Iraq
PK-8910,Paul Knutson,Home Office,Qostanay,Qostanay,Kazakhstan
GM-4440,Gary McGarr,Consumer,Cairo,Al Qahirah,Egypt
CY-2745,Craig Yedwab,Corporate,Casablanca,Grand Casablanca,Morocco
RW-9690,Robert Waldorf,Consumer,Sanandaj,Kordestan,Iran
CC-2100,Chad Cunningham,Home Office,Oran,Oran,Algeria
KD-6345,Katherine Ducich,Consumer,Luanda,Luanda,Angola
KN-6390,Katherine Nockton,Corporate,Dayr az Zawr,Dayr Az Zawr,Syria
GT-4710,Greg Tran,Consumer,Miass,Chelyabinsk,Russia
TS-11085,Thais Sissman,Consumer,Riyadh,Ar Riyad,Saudi Arabia
RR-9525,Rick Reed,Corporate,Tychy,Silesia,Poland
MT-7815,Meg Tillman,Consumer,Arak,Markazi,Iran
JA-5970,Joseph Airdo,Consumer,Libreville,Estuaire,Gabon
CB-2535,Claudia Bergmann,Corporate,Benin City,Edo,Nigeria
AP-720,Anne Pryor,Home Office,Balmazujvaros,Hajdu-Bihar,Hungary
SP-10860,Sung Pak,Corporate,Mohammedia,Grand Casablanca,Morocco
IL-5100,Ivan Liston,Consumer,Al Hillah,Babil,Iraq
VD-11670,Valerie Dominguez,Consumer,Bursa,Bursa,Turkey
EH-3765,Edward Hooks,Corporate,Tarsus,Mersin,Turkey
BS-1755,Bruce Stewart,Consumer,Port Harcourt,Rivers,Nigeria
HL-5040,Hunter Lopez,Consumer,Jeddah,Makkah,Saudi Arabia
CA-2310,Christine Abelman,Corporate,Mosul,Ninawa,Iraq
AC-420,Alyssa Crouse,Corporate,Basra,Al Basrah,Iraq
CC-2145,Charles Crestani,Consumer,Nairobi,Nairobi,Kenya
KB-6585,Ken Black,Corporate,Mosul,Ninawa,Iraq
JG-5115,Jack Garza,Consumer,Dakar,Dakar,Senegal
GK-4620,Grace Kelly,Corporate,Khouribga,Chaouia-Ouardigha,Morocco
FW-4395,Fred Wasserman,Corporate,Yaounde,Centre,Cameroon
VM-11685,Valerie Mitchum,Home Office,Luhans'k,Luhans'k,Ukraine
RB-9360,Raymond Buch,Consumer,Nairobi,Nairobi,Kenya
AG-495,Andrew Gjertsen,Corporate,Windhoek,Khomas,Namibia
IM-5070,Irene Maddox,Consumer,Shiraz,Fars,Iran
MC-7635,Matthew Clasen,Corporate,Cairo,Al Qahirah,Egypt
SH-10635,Stefanie Holloman,Corporate,Chisinau,Chisinau,Moldova
KC-6540,Kelly Collister,Consumer,Balti,Balti,Moldova
QJ-9255,Quincy Jones,Corporate,Izmir,Izmir,Turkey
JK-5325,Jason Klamczynski,Corporate,Mombasa,Coast,Kenya
AI-855,Arianne Irving,Consumer,Kahramanmaras,Kahramanmaras,Turkey
SC-10095,Sanjit Chand,Consumer,Cairo,Al Qahirah,Egypt
CT-1995,Carol Triggs,Consumer,Donets'k,Donetsk,Ukraine
PJ-8835,Patrick Jones,Corporate,Calabar,Cross River,Nigeria
JM-6195,Justin MacKendrick,Consumer,Baghdad,Baghdad,Iraq
CV-2295,Christina VanderZanden,Consumer,Astana,Astana,Kazakhstan
DB-3120,David Bremer,Corporate,Hamilton,Ontario,Canada
NL-8310,Nancy Lomonaco,Home Office,Asyut,Asyut,Egypt
BB-1545,Brenda Bowman,Corporate,Sale,Rabat-Salé-Zemmour-Zaer,Morocco
BV-1245,Benjamin Venier,Corporate,Mashhad,Razavi Khorasan,Iran
BS-1380,Bill Stewart,Corporate,Baghdad,Baghdad,Iraq
KA-6525,Kelly Andreada,Consumer,Voronezh,Voronezh,Russia
RB-9795,Ross Baird,Home Office,Chisinau,Chisinau,Moldova
EP-3915,Emily Phan,Consumer,Huambo,Huambo,Angola
JS-5595,Jill Stevenson,Corporate,Istanbul,Istanbul,Turkey
JE-5610,Jim Epp,Corporate,Lagos,Lagos,Nigeria
CJ-1875,Carl Jackson,Corporate,Konya,Konya,Turkey
TH-11550,Tracy Hopkins,Home Office,Kisangani,Orientale,Democratic Republic of the Congo
HR-4830,Harold Ryan,Corporate,Guelma,Guelma,Algeria
KC-6675,Kimberly Carter,Corporate,Malatya,Malatya,Turkey
LS-7200,Luke Schmidt,Corporate,Ostrava,Moravian-Silesian,Czech Republic
DL-2925,Daniel Lacy,Consumer,Mecca,Makkah,Saudi Arabia
WB-11850,William Brown,Consumer,Istanbul,Istanbul,Turkey
SJ-10500,Shirley Jackson,Consumer,K'ut'aisi,Imereti,Georgia
DF-3135,David Flashing,Consumer,Kinshasa,Kinshasa,Democratic Republic of the Congo
SZ-10035,Sam Zeldin,Home Office,Tehran,Tehran,Iran
CK-2205,Chloris Kastensmidt,Consumer,Gaziantep,Gaziantep,Turkey
TM-11010,Tamara Manning,Consumer,Kulob,Khatlon,Tajikistan
FC-4335,Fred Chung,Corporate,Javanrud,Kermanshah,Iran
GB-4530,George Bell,Corporate,Klagenfurt,Carinthia,Austria
BF-1275,Beth Fritzler,Corporate,Bursa,Bursa,Turkey
NB-8655,Nona Balk,Corporate,Izmir,Izmir,Turkey
EH-3990,Erica Hackney,Consumer,Kisangani,Orientale,Democratic Republic of the Congo
SP-10545,Sibella Parks,Corporate,Nairobi,Nairobi,Kenya
Dp-3240,Dean percer,Home Office,Kinshasa,Kinshasa,Democratic Republic of the Congo
LW-6825,Laurel Workman,Corporate,Zahedan,Sistan Va Baluchestan,Iran
EN-3780,Edward Nazzal,Consumer,Ivanovo,Ivanovo,Russia
TZ-11445,Tom Zandusky,Corporate,Galati,Galati,Romania
KD-6615,Ken Dana,Corporate,Beni Mellal,Tadla-Azilal,Morocco
LD-7005,Lisa DeCherney,Consumer,Rasht,Gilan,Iran
CL-1890,Carl Ludwig,Consumer,Limbe,Sud-Ouest,Cameroon
HG-4965,Henry Goldwyn,Corporate,London,Ontario,Canada
BO-1350,Bill Overfelt,Corporate,Niamey,Niamey,Niger
YC-11895,Yoseph Carroll,Corporate,Edmonton,Alberta,Canada
JM-5535,Jessica Myrick,Consumer,Jerusalem,Jerusalem,Israel
RA-9885,Ruben Ausman,Corporate,Poltava,Poltava,Ukraine
KM-6660,Khloe Miller,Consumer,Malatya,Malatya,Turkey
DW-3585,Dorothy Wardle,Corporate,Rabat,Rabat-Salé-Zemmour-Zaer,Morocco
TS-11655,Trudy Schmidt,Consumer,Dakar,Dakar,Senegal
RK-9300,Ralph Kennedy,Consumer,Nairobi,Nairobi,Kenya
SC-10020,Sam Craven,Consumer,Timisoara,Timis,Romania
AG-390,Allen Goldenen,Consumer,Gulu,Gulu,Uganda
AT-735,Annie Thurman,Consumer,Galati,Galati,Romania
JW-5955,Joni Wasserman,Consumer,Alexandria,Al Iskandariyah,Egypt
AF-885,Art Foster,Consumer,Kinshasa,Kinshasa,Democratic Republic of the Congo
KB-6405,Katrina Bavinger,Home Office,Ashdod,Southern,Israel
BP-1290,Beth Paige,Consumer,Zagreb,Grad Zagreb,Croatia
OT-8730,Olvera Toch,Consumer,Constantine,Constantine,Algeria
LS-6975,Lindsay Shagiari,Home Office,Mississauga,Ontario,Canada
GD-4590,Giulietta Dortch,Corporate,Sliven,Sliven,Bulgaria
MP-7965,Michael Paige,Corporate,Riyadh,Ar Riyad,Saudi Arabia
DS-3180,David Smith,Corporate,Algiers,Alger,Algeria
ED-3885,Emily Ducich,Home Office,Gusau,Zamfara,Nigeria
NZ-8565,Nick Zandusky,Home Office,Baghdad,Baghdad,Iraq
JG-5805,John Grady,Corporate,East London,Eastern Cape,South Africa
EB-3870,Emily Burns,Consumer,Istanbul,Istanbul,Turkey
BG-1695,Brooke Gillingham,Corporate,Sokode,Centrale,Togo
SR-10425,Sharelle Roach,Home Office,Cairo,Al Qahirah,Egypt
AS-90,Adam Shillingsburg,Consumer,Sale,Rabat-Salé-Zemmour-Zaer,Morocco
SP-10620,Stefania Perrino,Corporate,Almaty,Almaty City,Kazakhstan
SH-10395,Shahid Hopkins,Consumer,Montréal,Quebec,Canada
AR-540,Andy Reiter,Consumer,Shiraz,Fars,Iran
CM-2235,Chris McAfee,Consumer,Bursa,Bursa,Turkey
AS-225,Alan Schoenberger,Corporate,Saveh,Markazi,Iran
RA-9915,Russell Applegate,Consumer,Khomeynishahr,Esfahan,Iran
RS-9420,Ricardo Sperren,Corporate,Kandi,Alibori,Benin
TN-11040,Tanja Norvell,Home Office,Bagamoyo,Pwani,Tanzania
VP-11730,Victor Preis,Home Office,Istanbul,Istanbul,Turkey
KW-6435,Katrina Willman,Consumer,Lusaka,Lusaka,Zambia
PP-8955,Paul Prost,Home Office,Bryansk,Bryansk,Russia
SC-10575,Sonia Cooley,Consumer,Baghdad,Baghdad,Iraq
ML-7410,Maris LaWare,Consumer,Eskisehir,Eskisehir,Turkey
CJ-2010,Caroline Jumper,Consumer,Rabat,Rabat-Salé-Zemmour-Zaer,Morocco
FG-4260,Frank Gastineau,Home Office,Istanbul,Istanbul,Turkey
TW-11025,Tamara Willingham,Home Office,Lagos,Lagos,Nigeria
DB-3210,Dean Braden,Consumer,Cairo,Al Qahirah,Egypt
EA-4035,Erin Ashbrook,Corporate,Konya,Konya,Turkey
EM-3825,Elizabeth Moffitt,Corporate,Baghdad,Baghdad,Iraq
TB-11355,Todd Boyes,Corporate,Lagos,Lagos,Nigeria
ME-8010,Michelle Ellison,Corporate,Bandundu,Bandundu,Democratic Republic of the Congo
JE-5715,Joe Elijah,Consumer,Dakar,Dakar,Senegal
MC-7605,Matt Connell,Corporate,Tallinn,Harjumaa,Estonia
FH-4350,Fred Harton,Consumer,Mersin,Mersin,Turkey
BC-1125,Becky Castell,Home Office,Istanbul,Istanbul,Turkey
MG-7875,Michael Grace,Home Office,Arusha,Arusha,Tanzania
FH-4275,Frank Hawley,Corporate,Ndola,Copperbelt,Zambia
DK-2985,Darren Koutras,Consumer,Kano,Kano,Nigeria
BK-1260,Berenike Kampe,Consumer,Misratah,Misratah,Libya
MP-7470,Mark Packer,Home Office,Lagos,Lagos,Nigeria
SC-10800,Stuart Calhoun,Consumer,Benin City,Edo,Nigeria
BD-1500,Bradley Drucker,Consumer,Lagos,Lagos,Nigeria
RC-9825,Roy Collins,Consumer,Budapest,Budapest,Hungary
MG-7890,Michael Granlund,Home Office,Istanbul,Istanbul,Turkey
ZC-11910,Zuschuss Carroll,Consumer,Maiduguri,Borno,Nigeria
